<?xml version='1.0' encoding='UTF-8' standalone='yes' ?>
<data version="1.37.0">
  <trigger type="notification_status_bar_displayed">
    <useDefaultName>false</useDefaultName>
    <name>AUTO LALA

[NOFACE]</name>
    <enabled>false</enabled>
    <packageNameFilter>com.lalamove.global.driver.sea</packageNameFilter>
    <textMatchField>TEXT</textMatchField>
    <textMatchType>CONTAINS_TEXT</textMatchType>
    <textFilter></textFilter>
    <ignoreRegular>false</ignoreRegular>
    <ignoreOngoing>false</ignoreOngoing>
  </trigger>
  <trigger type="notification_status_bar_displayed">
    <useDefaultName>false</useDefaultName>
    <name>AUTO LALA

NOFACE</name>
    <enabled>false</enabled>
    <packageNameFilter>com.lalamove.global.driver.sea</packageNameFilter>
    <textMatchField>TEXT</textMatchField>
    <textMatchType>CONTAINS_TEXT</textMatchType>
    <textFilter></textFilter>
    <ignoreRegular>false</ignoreRegular>
    <ignoreOngoing>false</ignoreOngoing>
  </trigger>
  <condition type="expression">
    <useDefaultName>false</useDefaultName>
    <name>DISTRICT
NOFACE</name>
    <expression>global_NF_DISTRICT_1 == null and
global_NF_DISTRICT_2 == null and
global_NF_DISTRICT_3 == null and
global_NF_DISTRICT_4 == null and
global_NF_DISTRICT_5 == null and
global_NF_DISTRICT_6 == null and
global_NF_DISTRICT_7 == null and
global_NF_DISTRICT_8 == null and
global_NF_DISTRICT_9 == null and
global_NF_DISTRICT_0 == null ;</expression>
  </condition>
  <condition type="expression">
    <useDefaultName>false</useDefaultName>
    <name>UI EX 2
[NOFACE]</name>
    <expression>NOFACE_2 == null ;</expression>
  </condition>
  <condition type="expression">
    <useDefaultName>false</useDefaultName>
    <name>UI EX 475
[NOFACE]</name>
    <expression>NOFACE_1 == null ;</expression>
  </condition>
  <action type="control_user_interface">
    <useDefaultName>true</useDefaultName>
    <name>Control UI: global_NF_DISTRICT_1 = getBounds ("* &gt; unknown*") ; global_NF_DISTRICT_2 = getBounds ("* &gt; unknown*") ; global_NF_DISTRICT_3 = getBounds ("* &gt; unknown*") ; global_NF_DISTRICT_4 = getBounds ("* &gt; unknown*") ; global_NF_DISTRICT_5 = getBounds ("* &gt; unknown*") ; global_NF_DISTRICT_6 = getBounds ("*unkn</name>
    <script>global_NF_DISTRICT_1 = getBounds ("* &gt; unknown*") ;

global_NF_DISTRICT_2 = getBounds ("* &gt; unknown*") ;

global_NF_DISTRICT_3 = getBounds ("* &gt; unknown*") ;

global_NF_DISTRICT_4 = getBounds ("* &gt; unknown*") ;

global_NF_DISTRICT_5 = getBounds ("* &gt; unknown*") ;

global_NF_DISTRICT_6 = getBounds ("*unknown &gt; *") ;

global_NF_DISTRICT_7 = getBounds ("*unknown &gt; *") ;

global_NF_DISTRICT_8 = getBounds ("*unknown &gt; *") ;

global_NF_DISTRICT_9 = getBounds ("*unknown &gt; *") ;

global_NF_DISTRICT_0 = getBounds ("*unknown &gt; *") ;


eval(global_PHANToMDistrict1);

eval(global_PHANToMDistrict2);

eval(global_PHANToMDistrict3);

eval(global_PHANToMDistrict4);

eval(global_PHANToMDistrict5);

eval(global_PHANToMDistrict6);

eval(global_PHANToMDistrict7);

eval(global_PHANToMDistrict8);

eval(global_PHANToMDistrict9);

eval(global_PHANToMDistrict0);</script>
  </action>
  <action type="control_user_interface">
    <useDefaultName>true</useDefaultName>
    <name>Control UI: sleep(3000)</name>
    <script>sleep(3000)</script>
  </action>
  <action type="download_url">
    <useDefaultName>true</useDefaultName>
    <name>Download URL: https://github.com/Phantomguy7845/PHANToMFullProjectBeta/raw/main/Lalamove_12.mp3 to /storage/emulated/0/</name>
    <url>https://github.com/Phantomguy7845/PHANToMFullProjectBeta/raw/main/Lalamove_12.mp3</url>
    <directory>/storage/emulated/0/</directory>
    <showProgress>true</showProgress>
  </action>
  <action type="download_url">
    <useDefaultName>true</useDefaultName>
    <name>Download URL: https://github.com/Phantomguy7845/PHANToMFullProjectBeta/raw/main/sound_picker_track_213.ogg to /storage/emulated/0/</name>
    <url>https://github.com/Phantomguy7845/PHANToMFullProjectBeta/raw/main/sound_picker_track_213.ogg</url>
    <directory>/storage/emulated/0/</directory>
    <showProgress>true</showProgress>
  </action>
  <action type="execute_flows">
    <useDefaultName>true</useDefaultName>
    <name>Execute Flows: ⚡AUTO RUN LALA 2.0⚡Edit by lPHANToMl Stoper</name>
    <includeFlowNamePatternList>⚡AUTO RUN LALA 2.0⚡Edit by lPHANToMl Stoper</includeFlowNamePatternList>
    <excludeFlowNamePatternList></excludeFlowNamePatternList>
    <skipDisabledFlowsWithoutError>false</skipDisabledFlowsWithoutError>
    <waitForFlowsToFinish>false</waitForFlowsToFinish>
    <returnLocalVariablesToCallingFlow>false</returnLocalVariablesToCallingFlow>
  </action>
  <action type="sleep">
    <useDefaultName>false</useDefaultName>
    <name>Free Script LALA

NOFACE</name>
    <duration>200ms</duration>
    <keepDeviceAwake>true</keepDeviceAwake>
    <allowWakeupFromDeviceIdle>false</allowWakeupFromDeviceIdle>
  </action>
  <action type="control_user_interface">
    <useDefaultName>false</useDefaultName>
    <name>JOB
00 - 99

[NOFACE]</name>
    <script>NF1 = "* &gt; *"  ; //แก้ไข ต้นทาง และ ปลายทาง 

// ตัวอย่าง ใส่คำสั่ง ล็อค ต้นทาง และ ปลายทาง

// ตัวอย่างที่ 1 "*ต้นทาง &gt; ปลายทาง*" (ล็อคต้นทางและปลายทาง)

// ตัวอย่างที่ 2 "*ต้นทาง &gt;*"         (ล็อคต้นทางอย่างเดียว)

// ตัวอย่างที่ 3 "*&gt; ปลายทาง*"       (ล็อคปลายทางอย่างเดียว)

// ตัวอย่างที่ 4 "* &gt; *"             (ไปทุกที)


// แปลคำสั่ง
// ตัวอย่าง   "*ต้นทาง &gt; ปลายทาง*"

// "       (เครื่องหมายอัญญะ หรือ เครื่องหมาย 2 ขีด)
// *       (ดอกจันทร์)
// ต้นทาง   (ต้นทาง - จุดรับ)
// เว้นวรรค  (ใส่ต้นทาง แล้ว เว้นวรรค)
// &gt;       (เครื่องหมายมากกว่า)
// เว้นวรรค  (ใส่เครื่องหมายมากกว่า แล้ว เว้นวรรค)
// ปลายทาง (ปลายทาง - จุดส่ง)
// *       (ดอกจันทร์)  
// "       (เครื่องหมายอัญญะ หรือ เครื่องหมาย 2 ขีด)






NF2 = "*฿??.0*" ; // แก้ไข ราคา 

// ตัวอย่าง ใส่คำสั่งแก้ราคา

// ตัวอย่างที่ 1 "*฿??.0*"     (ล็อค 00 - 99 บาท)

// ตัวอย่างที่ 2 "*฿???.0*"    (ล็อค 100 - 999 บาท)

// ตัวอย่างที่ 3 "*฿????.0*"   (ล็อค 1,000 - 9,999 บาท)

// ตัวอย่างที่ 4 "*฿*"         (ล็อค ทุกราคา)

















NOFACE_1 = getBounds (NF1);
NOFACE_2 = getBounds (NF2);</script>
  </action>
  <action type="control_user_interface">
    <useDefaultName>false</useDefaultName>
    <name>JOB
1,000 - 9,999

[NOFACE]</name>
    <script>NF1 = "* &gt; *"  ; //แก้ไข ต้นทาง และ ปลายทาง 

// ตัวอย่าง ใส่คำสั่ง ล็อค ต้นทาง และ ปลายทาง

// ตัวอย่างที่ 1 "*ต้นทาง &gt; ปลายทาง*" (ล็อคต้นทางและปลายทาง)

// ตัวอย่างที่ 2 "*ต้นทาง &gt;*"         (ล็อคต้นทางอย่างเดียว)

// ตัวอย่างที่ 3 "*&gt; ปลายทาง*"       (ล็อคปลายทางอย่างเดียว)

// ตัวอย่างที่ 4 "* &gt; *"             (ไปทุกที)


// แปลคำสั่ง
// ตัวอย่าง   "*ต้นทาง &gt; ปลายทาง*"

// "       (เครื่องหมายอัญญะ หรือ เครื่องหมาย 2 ขีด)
// *       (ดอกจันทร์)
// ต้นทาง   (ต้นทาง - จุดรับ)
// เว้นวรรค  (ใส่ต้นทาง แล้ว เว้นวรรค)
// &gt;       (เครื่องหมายมากกว่า)
// เว้นวรรค  (ใส่เครื่องหมายมากกว่า แล้ว เว้นวรรค)
// ปลายทาง (ปลายทาง - จุดส่ง)
// *       (ดอกจันทร์)  
// "       (เครื่องหมายอัญญะ หรือ เครื่องหมาย 2 ขีด)






NF2 = "*฿????.0*" ; // แก้ไข ราคา 

// ตัวอย่าง ใส่คำสั่งแก้ราคา

// ตัวอย่างที่ 1 "*฿??.0*"     (ล็อค 00 - 99 บาท)

// ตัวอย่างที่ 2 "*฿???.0*"    (ล็อค 100 - 999 บาท)

// ตัวอย่างที่ 3 "*฿????.0*"   (ล็อค 1,000 - 9,999 บาท)

// ตัวอย่างที่ 4 "*฿*"         (ล็อค ทุกราคา)

















NOFACE_1 = getBounds (NF1);
NOFACE_2 = getBounds (NF2);</script>
  </action>
  <action type="control_user_interface">
    <useDefaultName>false</useDefaultName>
    <name>JOB
100 - 199

[NOFACE]</name>
    <script>NF1 = "* &gt; *"  ; //แก้ไข ต้นทาง และ ปลายทาง 

// ตัวอย่าง ใส่คำสั่ง ล็อค ต้นทาง และ ปลายทาง

// ตัวอย่างที่ 1 "*ต้นทาง &gt; ปลายทาง*" (ล็อคต้นทางและปลายทาง)

// ตัวอย่างที่ 2 "*ต้นทาง &gt;*"         (ล็อคต้นทางอย่างเดียว)

// ตัวอย่างที่ 3 "*&gt; ปลายทาง*"       (ล็อคปลายทางอย่างเดียว)

// ตัวอย่างที่ 4 "* &gt; *"             (ไปทุกที)


// แปลคำสั่ง
// ตัวอย่าง   "*ต้นทาง &gt; ปลายทาง*"

// "       (เครื่องหมายอัญญะ หรือ เครื่องหมาย 2 ขีด)
// *       (ดอกจันทร์)
// ต้นทาง   (ต้นทาง - จุดรับ)
// เว้นวรรค  (ใส่ต้นทาง แล้ว เว้นวรรค)
// &gt;       (เครื่องหมายมากกว่า)
// เว้นวรรค  (ใส่เครื่องหมายมากกว่า แล้ว เว้นวรรค)
// ปลายทาง (ปลายทาง - จุดส่ง)
// *       (ดอกจันทร์)  
// "       (เครื่องหมายอัญญะ หรือ เครื่องหมาย 2 ขีด)






NF2 = "*฿1??.0*" ; // แก้ไข ราคา 

// ตัวอย่าง ใส่คำสั่งแก้ราคา

// ตัวอย่างที่ 1 "*฿??.0*"     (ล็อค 00 - 99 บาท)

// ตัวอย่างที่ 2 "*฿???.0*"    (ล็อค 100 - 999 บาท)

// ตัวอย่างที่ 3 "*฿????.0*"   (ล็อค 1,000 - 9,999 บาท)

// ตัวอย่างที่ 4 "*฿*"         (ล็อค ทุกราคา)

















NOFACE_1 = getBounds (NF1);
NOFACE_2 = getBounds (NF2);</script>
  </action>
  <action type="control_user_interface">
    <useDefaultName>false</useDefaultName>
    <name>JOB
200 - 299

[NOFACE]</name>
    <script>NF1 = "* &gt; *"  ; //แก้ไข ต้นทาง และ ปลายทาง 

// ตัวอย่าง ใส่คำสั่ง ล็อค ต้นทาง และ ปลายทาง

// ตัวอย่างที่ 1 "*ต้นทาง &gt; ปลายทาง*" (ล็อคต้นทางและปลายทาง)

// ตัวอย่างที่ 2 "*ต้นทาง &gt;*"         (ล็อคต้นทางอย่างเดียว)

// ตัวอย่างที่ 3 "*&gt; ปลายทาง*"       (ล็อคปลายทางอย่างเดียว)

// ตัวอย่างที่ 4 "* &gt; *"             (ไปทุกที)


// แปลคำสั่ง
// ตัวอย่าง   "*ต้นทาง &gt; ปลายทาง*"

// "       (เครื่องหมายอัญญะ หรือ เครื่องหมาย 2 ขีด)
// *       (ดอกจันทร์)
// ต้นทาง   (ต้นทาง - จุดรับ)
// เว้นวรรค  (ใส่ต้นทาง แล้ว เว้นวรรค)
// &gt;       (เครื่องหมายมากกว่า)
// เว้นวรรค  (ใส่เครื่องหมายมากกว่า แล้ว เว้นวรรค)
// ปลายทาง (ปลายทาง - จุดส่ง)
// *       (ดอกจันทร์)  
// "       (เครื่องหมายอัญญะ หรือ เครื่องหมาย 2 ขีด)






NF2 = "*฿2??.0*" ; // แก้ไข ราคา 

// ตัวอย่าง ใส่คำสั่งแก้ราคา

// ตัวอย่างที่ 1 "*฿??.0*"     (ล็อค 00 - 99 บาท)

// ตัวอย่างที่ 2 "*฿???.0*"    (ล็อค 100 - 999 บาท)

// ตัวอย่างที่ 3 "*฿????.0*"   (ล็อค 1,000 - 9,999 บาท)

// ตัวอย่างที่ 4 "*฿*"         (ล็อค ทุกราคา)

















NOFACE_1 = getBounds (NF1);
NOFACE_2 = getBounds (NF2);</script>
  </action>
  <action type="control_user_interface">
    <useDefaultName>false</useDefaultName>
    <name>JOB
300 - 399

[NOFACE]</name>
    <script>NF1 = "* &gt; *"  ; //แก้ไข ต้นทาง และ ปลายทาง 

// ตัวอย่าง ใส่คำสั่ง ล็อค ต้นทาง และ ปลายทาง

// ตัวอย่างที่ 1 "*ต้นทาง &gt; ปลายทาง*" (ล็อคต้นทางและปลายทาง)

// ตัวอย่างที่ 2 "*ต้นทาง &gt;*"         (ล็อคต้นทางอย่างเดียว)

// ตัวอย่างที่ 3 "*&gt; ปลายทาง*"       (ล็อคปลายทางอย่างเดียว)

// ตัวอย่างที่ 4 "* &gt; *"             (ไปทุกที)


// แปลคำสั่ง
// ตัวอย่าง   "*ต้นทาง &gt; ปลายทาง*"

// "       (เครื่องหมายอัญญะ หรือ เครื่องหมาย 2 ขีด)
// *       (ดอกจันทร์)
// ต้นทาง   (ต้นทาง - จุดรับ)
// เว้นวรรค  (ใส่ต้นทาง แล้ว เว้นวรรค)
// &gt;       (เครื่องหมายมากกว่า)
// เว้นวรรค  (ใส่เครื่องหมายมากกว่า แล้ว เว้นวรรค)
// ปลายทาง (ปลายทาง - จุดส่ง)
// *       (ดอกจันทร์)  
// "       (เครื่องหมายอัญญะ หรือ เครื่องหมาย 2 ขีด)






NF2 = "*฿3??.0*" ; // แก้ไข ราคา 

// ตัวอย่าง ใส่คำสั่งแก้ราคา

// ตัวอย่างที่ 1 "*฿??.0*"     (ล็อค 00 - 99 บาท)

// ตัวอย่างที่ 2 "*฿???.0*"    (ล็อค 100 - 999 บาท)

// ตัวอย่างที่ 3 "*฿????.0*"   (ล็อค 1,000 - 9,999 บาท)

// ตัวอย่างที่ 4 "*฿*"         (ล็อค ทุกราคา)

















NOFACE_1 = getBounds (NF1);
NOFACE_2 = getBounds (NF2);</script>
  </action>
  <action type="control_user_interface">
    <useDefaultName>false</useDefaultName>
    <name>JOB
400 - 499

[NOFACE]</name>
    <script>NF1 = "*฿475.0*"  ; //แก้ไข ต้นทาง และ ปลายทาง 

// ตัวอย่าง ใส่คำสั่ง ล็อค ต้นทาง และ ปลายทาง

// ตัวอย่างที่ 1 "*ต้นทาง &gt; ปลายทาง*" (ล็อคต้นทางและปลายทาง)

// ตัวอย่างที่ 2 "*ต้นทาง &gt;*"         (ล็อคต้นทางอย่างเดียว)

// ตัวอย่างที่ 3 "*&gt; ปลายทาง*"       (ล็อคปลายทางอย่างเดียว)

// ตัวอย่างที่ 4 "* &gt; *"             (ไปทุกที)


// แปลคำสั่ง
// ตัวอย่าง   "*ต้นทาง &gt; ปลายทาง*"

// "       (เครื่องหมายอัญญะ หรือ เครื่องหมาย 2 ขีด)
// *       (ดอกจันทร์)
// ต้นทาง   (ต้นทาง - จุดรับ)
// เว้นวรรค  (ใส่ต้นทาง แล้ว เว้นวรรค)
// &gt;       (เครื่องหมายมากกว่า)
// เว้นวรรค  (ใส่เครื่องหมายมากกว่า แล้ว เว้นวรรค)
// ปลายทาง (ปลายทาง - จุดส่ง)
// *       (ดอกจันทร์)  
// "       (เครื่องหมายอัญญะ หรือ เครื่องหมาย 2 ขีด)






NF2 = "*฿4??.0*" ; // แก้ไข ราคา 

// ตัวอย่าง ใส่คำสั่งแก้ราคา

// ตัวอย่างที่ 1 "*฿??.0*"     (ล็อค 00 - 99 บาท)

// ตัวอย่างที่ 2 "*฿???.0*"    (ล็อค 100 - 999 บาท)

// ตัวอย่างที่ 3 "*฿????.0*"   (ล็อค 1,000 - 9,999 บาท)

// ตัวอย่างที่ 4 "*฿*"         (ล็อค ทุกราคา)

















NOFACE_1 = getBounds (NF1);
NOFACE_2 = getBounds (NF2);</script>
  </action>
  <action type="control_user_interface">
    <useDefaultName>false</useDefaultName>
    <name>JOB
500 - 599

[NOFACE]</name>
    <script>NF1 = "* &gt; *"  ; //แก้ไข ต้นทาง และ ปลายทาง 

// ตัวอย่าง ใส่คำสั่ง ล็อค ต้นทาง และ ปลายทาง

// ตัวอย่างที่ 1 "*ต้นทาง &gt; ปลายทาง*" (ล็อคต้นทางและปลายทาง)

// ตัวอย่างที่ 2 "*ต้นทาง &gt;*"         (ล็อคต้นทางอย่างเดียว)

// ตัวอย่างที่ 3 "*&gt; ปลายทาง*"       (ล็อคปลายทางอย่างเดียว)

// ตัวอย่างที่ 4 "* &gt; *"             (ไปทุกที)


// แปลคำสั่ง
// ตัวอย่าง   "*ต้นทาง &gt; ปลายทาง*"

// "       (เครื่องหมายอัญญะ หรือ เครื่องหมาย 2 ขีด)
// *       (ดอกจันทร์)
// ต้นทาง   (ต้นทาง - จุดรับ)
// เว้นวรรค  (ใส่ต้นทาง แล้ว เว้นวรรค)
// &gt;       (เครื่องหมายมากกว่า)
// เว้นวรรค  (ใส่เครื่องหมายมากกว่า แล้ว เว้นวรรค)
// ปลายทาง (ปลายทาง - จุดส่ง)
// *       (ดอกจันทร์)  
// "       (เครื่องหมายอัญญะ หรือ เครื่องหมาย 2 ขีด)






NF2 = "*฿5??.0*" ; // แก้ไข ราคา 

// ตัวอย่าง ใส่คำสั่งแก้ราคา

// ตัวอย่างที่ 1 "*฿??.0*"     (ล็อค 00 - 99 บาท)

// ตัวอย่างที่ 2 "*฿???.0*"    (ล็อค 100 - 999 บาท)

// ตัวอย่างที่ 3 "*฿????.0*"   (ล็อค 1,000 - 9,999 บาท)

// ตัวอย่างที่ 4 "*฿*"         (ล็อค ทุกราคา)

















NOFACE_1 = getBounds (NF1);
NOFACE_2 = getBounds (NF2);</script>
  </action>
  <action type="control_user_interface">
    <useDefaultName>false</useDefaultName>
    <name>JOB
600 - 699

[NOFACE]</name>
    <script>NF1 = "* &gt; *"  ; //แก้ไข ต้นทาง และ ปลายทาง 

// ตัวอย่าง ใส่คำสั่ง ล็อค ต้นทาง และ ปลายทาง

// ตัวอย่างที่ 1 "*ต้นทาง &gt; ปลายทาง*" (ล็อคต้นทางและปลายทาง)

// ตัวอย่างที่ 2 "*ต้นทาง &gt;*"         (ล็อคต้นทางอย่างเดียว)

// ตัวอย่างที่ 3 "*&gt; ปลายทาง*"       (ล็อคปลายทางอย่างเดียว)

// ตัวอย่างที่ 4 "* &gt; *"             (ไปทุกที)


// แปลคำสั่ง
// ตัวอย่าง   "*ต้นทาง &gt; ปลายทาง*"

// "       (เครื่องหมายอัญญะ หรือ เครื่องหมาย 2 ขีด)
// *       (ดอกจันทร์)
// ต้นทาง   (ต้นทาง - จุดรับ)
// เว้นวรรค  (ใส่ต้นทาง แล้ว เว้นวรรค)
// &gt;       (เครื่องหมายมากกว่า)
// เว้นวรรค  (ใส่เครื่องหมายมากกว่า แล้ว เว้นวรรค)
// ปลายทาง (ปลายทาง - จุดส่ง)
// *       (ดอกจันทร์)  
// "       (เครื่องหมายอัญญะ หรือ เครื่องหมาย 2 ขีด)






NF2 = "*฿6??.0*" ; // แก้ไข ราคา 

// ตัวอย่าง ใส่คำสั่งแก้ราคา

// ตัวอย่างที่ 1 "*฿??.0*"     (ล็อค 00 - 99 บาท)

// ตัวอย่างที่ 2 "*฿???.0*"    (ล็อค 100 - 999 บาท)

// ตัวอย่างที่ 3 "*฿????.0*"   (ล็อค 1,000 - 9,999 บาท)

// ตัวอย่างที่ 4 "*฿*"         (ล็อค ทุกราคา)

















NOFACE_1 = getBounds (NF1);
NOFACE_2 = getBounds (NF2);</script>
  </action>
  <action type="control_user_interface">
    <useDefaultName>false</useDefaultName>
    <name>JOB
700 - 799

[NOFACE]</name>
    <script>NF1 = "* &gt; *"  ; //แก้ไข ต้นทาง และ ปลายทาง 

// ตัวอย่าง ใส่คำสั่ง ล็อค ต้นทาง และ ปลายทาง

// ตัวอย่างที่ 1 "*ต้นทาง &gt; ปลายทาง*" (ล็อคต้นทางและปลายทาง)

// ตัวอย่างที่ 2 "*ต้นทาง &gt;*"         (ล็อคต้นทางอย่างเดียว)

// ตัวอย่างที่ 3 "*&gt; ปลายทาง*"       (ล็อคปลายทางอย่างเดียว)

// ตัวอย่างที่ 4 "* &gt; *"             (ไปทุกที)


// แปลคำสั่ง
// ตัวอย่าง   "*ต้นทาง &gt; ปลายทาง*"

// "       (เครื่องหมายอัญญะ หรือ เครื่องหมาย 2 ขีด)
// *       (ดอกจันทร์)
// ต้นทาง   (ต้นทาง - จุดรับ)
// เว้นวรรค  (ใส่ต้นทาง แล้ว เว้นวรรค)
// &gt;       (เครื่องหมายมากกว่า)
// เว้นวรรค  (ใส่เครื่องหมายมากกว่า แล้ว เว้นวรรค)
// ปลายทาง (ปลายทาง - จุดส่ง)
// *       (ดอกจันทร์)  
// "       (เครื่องหมายอัญญะ หรือ เครื่องหมาย 2 ขีด)






NF2 = "*฿7??.0*" ; // แก้ไข ราคา 

// ตัวอย่าง ใส่คำสั่งแก้ราคา

// ตัวอย่างที่ 1 "*฿??.0*"     (ล็อค 00 - 99 บาท)

// ตัวอย่างที่ 2 "*฿???.0*"    (ล็อค 100 - 999 บาท)

// ตัวอย่างที่ 3 "*฿????.0*"   (ล็อค 1,000 - 9,999 บาท)

// ตัวอย่างที่ 4 "*฿*"         (ล็อค ทุกราคา)

















NOFACE_1 = getBounds (NF1);
NOFACE_2 = getBounds (NF2);</script>
  </action>
  <action type="control_user_interface">
    <useDefaultName>false</useDefaultName>
    <name>JOB
800 - 899

[NOFACE]</name>
    <script>NF1 = "* &gt; *"  ; //แก้ไข ต้นทาง และ ปลายทาง 

// ตัวอย่าง ใส่คำสั่ง ล็อค ต้นทาง และ ปลายทาง

// ตัวอย่างที่ 1 "*ต้นทาง &gt; ปลายทาง*" (ล็อคต้นทางและปลายทาง)

// ตัวอย่างที่ 2 "*ต้นทาง &gt;*"         (ล็อคต้นทางอย่างเดียว)

// ตัวอย่างที่ 3 "*&gt; ปลายทาง*"       (ล็อคปลายทางอย่างเดียว)

// ตัวอย่างที่ 4 "* &gt; *"             (ไปทุกที)


// แปลคำสั่ง
// ตัวอย่าง   "*ต้นทาง &gt; ปลายทาง*"

// "       (เครื่องหมายอัญญะ หรือ เครื่องหมาย 2 ขีด)
// *       (ดอกจันทร์)
// ต้นทาง   (ต้นทาง - จุดรับ)
// เว้นวรรค  (ใส่ต้นทาง แล้ว เว้นวรรค)
// &gt;       (เครื่องหมายมากกว่า)
// เว้นวรรค  (ใส่เครื่องหมายมากกว่า แล้ว เว้นวรรค)
// ปลายทาง (ปลายทาง - จุดส่ง)
// *       (ดอกจันทร์)  
// "       (เครื่องหมายอัญญะ หรือ เครื่องหมาย 2 ขีด)






NF2 = "*฿8??.0*" ; // แก้ไข ราคา 

// ตัวอย่าง ใส่คำสั่งแก้ราคา

// ตัวอย่างที่ 1 "*฿??.0*"     (ล็อค 00 - 99 บาท)

// ตัวอย่างที่ 2 "*฿???.0*"    (ล็อค 100 - 999 บาท)

// ตัวอย่างที่ 3 "*฿????.0*"   (ล็อค 1,000 - 9,999 บาท)

// ตัวอย่างที่ 4 "*฿*"         (ล็อค ทุกราคา)

















NOFACE_1 = getBounds (NF1);
NOFACE_2 = getBounds (NF2);</script>
  </action>
  <action type="control_user_interface">
    <useDefaultName>false</useDefaultName>
    <name>JOB
900 - 999

[NOFACE]</name>
    <script>NF1 = "* &gt; *"  ; //แก้ไข ต้นทาง และ ปลายทาง 

// ตัวอย่าง ใส่คำสั่ง ล็อค ต้นทาง และ ปลายทาง

// ตัวอย่างที่ 1 "*ต้นทาง &gt; ปลายทาง*" (ล็อคต้นทางและปลายทาง)

// ตัวอย่างที่ 2 "*ต้นทาง &gt;*"         (ล็อคต้นทางอย่างเดียว)

// ตัวอย่างที่ 3 "*&gt; ปลายทาง*"       (ล็อคปลายทางอย่างเดียว)

// ตัวอย่างที่ 4 "* &gt; *"             (ไปทุกที)


// แปลคำสั่ง
// ตัวอย่าง   "*ต้นทาง &gt; ปลายทาง*"

// "       (เครื่องหมายอัญญะ หรือ เครื่องหมาย 2 ขีด)
// *       (ดอกจันทร์)
// ต้นทาง   (ต้นทาง - จุดรับ)
// เว้นวรรค  (ใส่ต้นทาง แล้ว เว้นวรรค)
// &gt;       (เครื่องหมายมากกว่า)
// เว้นวรรค  (ใส่เครื่องหมายมากกว่า แล้ว เว้นวรรค)
// ปลายทาง (ปลายทาง - จุดส่ง)
// *       (ดอกจันทร์)  
// "       (เครื่องหมายอัญญะ หรือ เครื่องหมาย 2 ขีด)






NF2 = "*฿9??.0*" ; // แก้ไข ราคา 

// ตัวอย่าง ใส่คำสั่งแก้ราคา

// ตัวอย่างที่ 1 "*฿??.0*"     (ล็อค 00 - 99 บาท)

// ตัวอย่างที่ 2 "*฿???.0*"    (ล็อค 100 - 999 บาท)

// ตัวอย่างที่ 3 "*฿????.0*"   (ล็อค 1,000 - 9,999 บาท)

// ตัวอย่างที่ 4 "*฿*"         (ล็อค ทุกราคา)

















NOFACE_1 = getBounds (NF1);
NOFACE_2 = getBounds (NF2);</script>
  </action>
  <action type="clear_automagic_log">
    <useDefaultName>false</useDefaultName>
    <name>NOFACE</name>
  </action>
  <action type="control_user_interface">
    <useDefaultName>false</useDefaultName>
    <name>RUN

[NOFACE]</name>
    <script>click("*ขนส่งทันที*");
click("*ขนส่งทันที*");
click("*ขนส่งทันที*");
click("*ขนส่งทันที*");
click("*ขนส่งทันที*");</script>
  </action>
  <action type="control_user_interface">
    <useDefaultName>false</useDefaultName>
    <name>Script Bar

[NOFACE]</name>
    <script>notifications();</script>
  </action>
  <action type="set_flow_state">
    <useDefaultName>true</useDefaultName>
    <name>Set Flow State: Enable ⚡AUTO RUN LALA 2.0⚡Edit by lPHANToMl Stoper</name>
    <enable>true</enable>
    <includeFlowNamePatternList>⚡AUTO RUN LALA 2.0⚡Edit by lPHANToMl Stoper</includeFlowNamePatternList>
    <excludeFlowNamePatternList></excludeFlowNamePatternList>
  </action>
  <action type="sound">
    <useDefaultName>true</useDefaultName>
    <name>Sound: /storage/emulated/0/Lalamove_12.mp3 as Notification</name>
    <soundSourceType>FILE</soundSourceType>
    <alarmName>กริ่งจักรยาน</alarmName>
    <uri>content://media/external_primary/audio/media/1000001715?title=Bike%20Ride&amp;canonical=1</uri>
    <path>/storage/emulated/0/Lalamove_12.mp3</path>
    <audioStreamType>NOTIFICATION</audioStreamType>
    <startPosition></startPosition>
    <showStopSoundNotification>false</showStopSoundNotification>
    <waitForSoundToFinish>true</waitForSoundToFinish>
    <requestAudioFocus>false</requestAudioFocus>
    <audioFocusType>TRANSIENT</audioFocusType>
  </action>
  <action type="sound">
    <useDefaultName>true</useDefaultName>
    <name>Sound: /storage/emulated/0/sound_picker_track_213.ogg as Notification</name>
    <soundSourceType>FILE</soundSourceType>
    <alarmName>แตรรถยนต์</alarmName>
    <uri>content://media/external_primary/audio/media/1000001716?title=Honk%20Honk&amp;canonical=1</uri>
    <path>/storage/emulated/0/sound_picker_track_213.ogg</path>
    <audioStreamType>NOTIFICATION</audioStreamType>
    <startPosition></startPosition>
    <showStopSoundNotification>false</showStopSoundNotification>
    <waitForSoundToFinish>true</waitForSoundToFinish>
    <requestAudioFocus>false</requestAudioFocus>
    <audioFocusType>TRANSIENT</audioFocusType>
  </action>
  <action type="execute_flows">
    <useDefaultName>false</useDefaultName>
    <name>START LALA

NOFACE</name>
    <includeFlowNamePatternList>"🐍 ราคา  00 - 99 บาท  🐍
🐍 ต้นทาง - ปลายทาง 🐍 Edit by lPHANToMl","🐝 ราคา  100 - 199 บาท  🐝
🐝 ต้นทาง - ปลายทาง 🐝 Edit by lPHANToMl","🐣 ราคา  200 - 299 บาท  🐣
🐣 ต้นทาง - ปลายทาง 🐣 Edit by lPHANToMl","🐬 ราคา  300 - 399 บาท  🐬
🐬 ต้นทาง - ปลายทาง 🐬 Edit by lPHANToMl","🐳 ราคา  400 - 499 บาท  🐳
🐳 ต้นทาง - ปลายทาง 🐳 Edit by lPHANToMl","🐻 ราคา  500 - 599 บาท  🐻
🐻 ต้นทาง - ปลายทาง 🐻 Edit by lPHANToMl","🦀 ราคา  600 - 699 บาท  🦀
🦀 ต้นทาง - ปลายทาง 🦀 Edit by lPHANToMl","🦎 ราคา  700 - 799 บาท  🦎
🦎 ต้นทาง - ปลายทาง 🦎 Edit by lPHANToMl","🦕 ราคา  800 - 899 บาท  🦕
🦕 ต้นทาง - ปลายทาง 🦕 Edit by lPHANToMl","🦘 ราคา  900 - 999 บาท  🦘
🦘 ต้นทาง - ปลายทาง 🦘 Edit by lPHANToMl","🦝 ราคา  1,000 - 9,999 บาท  🦝
🦝 ต้นทาง - ปลายทาง 🦝 Edit by lPHANToMl"</includeFlowNamePatternList>
    <excludeFlowNamePatternList></excludeFlowNamePatternList>
    <skipDisabledFlowsWithoutError>true</skipDisabledFlowsWithoutError>
    <waitForFlowsToFinish>false</waitForFlowsToFinish>
    <returnLocalVariablesToCallingFlow>false</returnLocalVariablesToCallingFlow>
  </action>
  <action type="stop_flows">
    <useDefaultName>false</useDefaultName>
    <name>STOP </name>
    <includeFlowNamePatternList>"🐍 ราคา  00 - 99 บาท  🐍
🐍 ต้นทาง - ปลายทาง 🐍 Edit by lPHANToMl","🐝 ราคา  100 - 199 บาท  🐝
🐝 ต้นทาง - ปลายทาง 🐝 Edit by lPHANToMl","🐣 ราคา  200 - 299 บาท  🐣
🐣 ต้นทาง - ปลายทาง 🐣 Edit by lPHANToMl","🐬 ราคา  300 - 399 บาท  🐬
🐬 ต้นทาง - ปลายทาง 🐬 Edit by lPHANToMl","🐳 ราคา  400 - 499 บาท  🐳
🐳 ต้นทาง - ปลายทาง 🐳 Edit by lPHANToMl","🐻 ราคา  500 - 599 บาท  🐻
🐻 ต้นทาง - ปลายทาง 🐻 Edit by lPHANToMl","🦀 ราคา  600 - 699 บาท  🦀
🦀 ต้นทาง - ปลายทาง 🦀 Edit by lPHANToMl","🦎 ราคา  700 - 799 บาท  🦎
🦎 ต้นทาง - ปลายทาง 🦎 Edit by lPHANToMl","🦕 ราคา  800 - 899 บาท  🦕
🦕 ต้นทาง - ปลายทาง 🦕 Edit by lPHANToMl","🦘 ราคา  900 - 999 บาท  🦘
🦘 ต้นทาง - ปลายทาง 🦘 Edit by lPHANToMl","🦝 ราคา  1,000 - 9,999 บาท  🦝
🦝 ต้นทาง - ปลายทาง 🦝 Edit by lPHANToMl",⚡AUTO RUN LALA 2.0⚡Edit by lPHANToMl</includeFlowNamePatternList>
    <excludeFlowNamePatternList></excludeFlowNamePatternList>
  </action>
  <action type="stop_flows">
    <useDefaultName>false</useDefaultName>
    <name>STOP LALA

NOFACE</name>
    <includeFlowNamePatternList>"🐍 ราคา  00 - 99 บาท  🐍
🐍 ต้นทาง - ปลายทาง 🐍 Edit by lPHANToMl","🐝 ราคา  100 - 199 บาท  🐝
🐝 ต้นทาง - ปลายทาง 🐝 Edit by lPHANToMl","🐣 ราคา  200 - 299 บาท  🐣
🐣 ต้นทาง - ปลายทาง 🐣 Edit by lPHANToMl","🐬 ราคา  300 - 399 บาท  🐬
🐬 ต้นทาง - ปลายทาง 🐬 Edit by lPHANToMl","🐳 ราคา  400 - 499 บาท  🐳
🐳 ต้นทาง - ปลายทาง 🐳 Edit by lPHANToMl","🐻 ราคา  500 - 599 บาท  🐻
🐻 ต้นทาง - ปลายทาง 🐻 Edit by lPHANToMl","🦀 ราคา  600 - 699 บาท  🦀
🦀 ต้นทาง - ปลายทาง 🦀 Edit by lPHANToMl","🦎 ราคา  700 - 799 บาท  🦎
🦎 ต้นทาง - ปลายทาง 🦎 Edit by lPHANToMl","🦕 ราคา  800 - 899 บาท  🦕
🦕 ต้นทาง - ปลายทาง 🦕 Edit by lPHANToMl","🦘 ราคา  900 - 999 บาท  🦘
🦘 ต้นทาง - ปลายทาง 🦘 Edit by lPHANToMl","🦝 ราคา  1,000 - 9,999 บาท  🦝
🦝 ต้นทาง - ปลายทาง 🦝 Edit by lPHANToMl"</includeFlowNamePatternList>
    <excludeFlowNamePatternList></excludeFlowNamePatternList>
  </action>
  <flow type="flow">
    <name>⚡AUTO RUN LALA 1.2⚡ Edit by lPHANToMl</name>
    <description>ชุด AUTO RUN โยกสวิทช์ ไว้ตลอด

AUTO BOT LALAMOVE NOFACE </description>
    <group>⚡ LALA BOT 1.2 - 2.0 [NOFACE] Edit by lPHANToMl</group>
    <enabled>false</enabled>
    <executionPolicy>PARALLEL</executionPolicy>
    <triggercontainer id="t1" x="105.0" y="87.5">
      <trigger>AUTO LALA

[NOFACE]</trigger>
    </triggercontainer>
    <notecontainer id="t2" x="105.0" y="-140.0" w="350.0" h="280.0">ชุด Auto Run Lala
ต้องเปิดไว้ตลอด
เป็นที่จะควบคุมทั้งระบบ
ของบอทชุดนี้ ฝัง Add PopUp
ไว้ด้วย 

การตั้งค่าหลักๆ เลยคือต้อง
อนุญาต Auto Lala
หรือ อนุญาติเข้าถึงแจ้งเตือน

เพื่อ BOT จะได้ทำงานได้</notecontainer>
    <actioncontainer id="t3" x="105.0" y="612.5">Free Script LALA

NOFACE</actioncontainer>
    <actioncontainer id="t4" x="-70.0" y="612.5">Free Script LALA

NOFACE</actioncontainer>
    <actioncontainer id="t5" x="-70.0" y="752.5">Free Script LALA

NOFACE</actioncontainer>
    <actioncontainer id="t6" x="105.0" y="752.5">Free Script LALA

NOFACE</actioncontainer>
    <actioncontainer id="t7" x="-70.0" y="892.5">Free Script LALA

NOFACE</actioncontainer>
    <actioncontainer id="t8" x="105.0" y="892.5">Free Script LALA

NOFACE</actioncontainer>
    <actioncontainer id="t9" x="-70.0" y="1032.5">Free Script LALA

NOFACE</actioncontainer>
    <actioncontainer id="t10" x="105.0" y="1032.5">Free Script LALA

NOFACE</actioncontainer>
    <actioncontainer id="t11" x="280.0" y="1032.5">Free Script LALA

NOFACE</actioncontainer>
    <actioncontainer id="t12" x="280.0" y="1242.5">STOP LALA

NOFACE</actioncontainer>
    <actioncontainer id="t13" x="280.0" y="892.5">Free Script LALA

NOFACE</actioncontainer>
    <actioncontainer id="t14" x="280.0" y="752.5">Free Script LALA

NOFACE</actioncontainer>
    <actioncontainer id="t15" x="280.0" y="612.5">Free Script LALA

NOFACE</actioncontainer>
    <actioncontainer id="t16" x="280.0" y="472.5">Free Script LALA

NOFACE</actioncontainer>
    <actioncontainer id="t17" x="105.0" y="472.5">Free Script LALA

NOFACE</actioncontainer>
    <actioncontainer id="t18" x="-70.0" y="472.5">Free Script LALA

NOFACE</actioncontainer>
    <actioncontainer id="t19" x="105.0" y="262.5">START LALA

NOFACE</actioncontainer>
    <actioncontainer id="t20" x="-70.0" y="262.5">Script Bar

[NOFACE]</actioncontainer>
    <actioncontainer id="t21" x="105.0" y="1242.5">NOFACE</actioncontainer>
    <actioncontainer id="t22" x="420.0" y="87.5">Download URL: https://github.com/Phantomguy7845/PHANToMFullProjectBeta/raw/main/Lalamove_12.mp3 to /storage/emulated/0/</actioncontainer>
    <actioncontainer id="t23" x="280.0" y="87.5">Sound: /storage/emulated/0/Lalamove_12.mp3 as Notification</actioncontainer>
    <actioncontainer id="t24" x="280.0" y="262.5">NOFACE</actioncontainer>
    <connection from="t1" to="t2" type="NOTE" sourcePosition="NORTH" targetPosition="SOUTH" />
    <connection from="t1" to="t19" type="NORMAL" sourcePosition="SOUTH" targetPosition="NORTH" />
    <connection from="t1" to="t23" type="NORMAL" sourcePosition="EAST" targetPosition="WEST" />
    <connection from="t3" to="t4" type="NORMAL" sourcePosition="WEST" targetPosition="EAST" />
    <connection from="t4" to="t5" type="NORMAL" sourcePosition="SOUTH" targetPosition="NORTH" />
    <connection from="t5" to="t6" type="NORMAL" sourcePosition="EAST" targetPosition="WEST" />
    <connection from="t6" to="t14" type="NORMAL" sourcePosition="EAST" targetPosition="WEST" />
    <connection from="t7" to="t9" type="NORMAL" sourcePosition="SOUTH" targetPosition="NORTH" />
    <connection from="t8" to="t7" type="NORMAL" sourcePosition="WEST" targetPosition="EAST" />
    <connection from="t9" to="t10" type="NORMAL" sourcePosition="EAST" targetPosition="WEST" />
    <connection from="t10" to="t11" type="NORMAL" sourcePosition="EAST" targetPosition="WEST" />
    <connection from="t11" to="t12" type="NORMAL" sourcePosition="SOUTH" targetPosition="NORTH" />
    <connection from="t12" to="t21" type="NORMAL" sourcePosition="WEST" targetPosition="EAST" />
    <connection from="t13" to="t8" type="NORMAL" sourcePosition="WEST" targetPosition="EAST" />
    <connection from="t14" to="t13" type="NORMAL" sourcePosition="SOUTH" targetPosition="NORTH" />
    <connection from="t15" to="t3" type="NORMAL" sourcePosition="WEST" targetPosition="EAST" />
    <connection from="t16" to="t15" type="NORMAL" sourcePosition="SOUTH" targetPosition="NORTH" />
    <connection from="t17" to="t16" type="NORMAL" sourcePosition="EAST" targetPosition="WEST" />
    <connection from="t18" to="t17" type="NORMAL" sourcePosition="EAST" targetPosition="WEST" />
    <connection from="t19" to="t20" type="NORMAL" sourcePosition="WEST" targetPosition="EAST" />
    <connection from="t20" to="t18" type="NORMAL" sourcePosition="SOUTH" targetPosition="NORTH" />
    <connection from="t22" to="t23" type="NORMAL" sourcePosition="WEST" targetPosition="EAST" />
    <connection from="t23" to="t24" type="NORMAL" sourcePosition="SOUTH" targetPosition="NORTH" />
    <connection from="t23" to="t22" type="EXCEPTION" sourcePosition="EAST" targetPosition="WEST" />
  </flow>
  <flow type="flow">
    <name>⚡AUTO RUN LALA 2.0⚡Edit by lPHANToMl</name>
    <description>ล็อค แขวง/อำเภอ</description>
    <group>⚡ LALA BOT 1.2 - 2.0 [NOFACE] Edit by lPHANToMl</group>
    <enabled>false</enabled>
    <executionPolicy>PARALLEL</executionPolicy>
    <triggercontainer id="t1" x="-875.0" y="87.5">
      <trigger>AUTO LALA

NOFACE</trigger>
    </triggercontainer>
    <actioncontainer id="t2" x="-875.0" y="192.5">Control UI: global_NF_DISTRICT_1 = getBounds ("* &gt; unknown*") ; global_NF_DISTRICT_2 = getBounds ("* &gt; unknown*") ; global_NF_DISTRICT_3 = getBounds ("* &gt; unknown*") ; global_NF_DISTRICT_4 = getBounds ("* &gt; unknown*") ; global_NF_DISTRICT_5 = getBounds ("* &gt; unknown*") ; global_NF_DISTRICT_6 = getBounds ("*unkn</actioncontainer>
    <conditioncontainer id="t3" x="-875.0" y="297.49988">DISTRICT
NOFACE</conditioncontainer>
    <actioncontainer id="t4" x="-875.0" y="402.50006">RUN

[NOFACE]</actioncontainer>
    <actioncontainer id="t5" x="-875.0" y="507.50006">Sound: /storage/emulated/0/sound_picker_track_213.ogg as Notification</actioncontainer>
    <actioncontainer id="t6" x="-735.0" y="507.50006">Download URL: https://github.com/Phantomguy7845/PHANToMFullProjectBeta/raw/main/sound_picker_track_213.ogg to /storage/emulated/0/</actioncontainer>
    <actioncontainer id="t7" x="-875.0" y="612.5">NOFACE</actioncontainer>
    <actioncontainer id="t8" x="-1014.9999" y="87.49997">Sound: /storage/emulated/0/Lalamove_12.mp3 as Notification</actioncontainer>
    <actioncontainer id="t9" x="-1155.0" y="87.5">Download URL: https://github.com/Phantomguy7845/PHANToMFullProjectBeta/raw/main/Lalamove_12.mp3 to /storage/emulated/0/</actioncontainer>
    <actioncontainer id="t10" x="-735.0" y="87.499985">Script Bar

[NOFACE]</actioncontainer>
    <actioncontainer id="t11" x="-735.0" y="192.49994">Set Flow State: Enable ⚡AUTO RUN LALA 2.0⚡Edit by lPHANToMl Stoper</actioncontainer>
    <actioncontainer id="t12" x="-595.0001" y="192.49991">Execute Flows: ⚡AUTO RUN LALA 2.0⚡Edit by lPHANToMl Stoper</actioncontainer>
    <connection from="t1" to="t10" type="NORMAL" sourcePosition="EAST" targetPosition="WEST" />
    <connection from="t1" to="t8" type="NORMAL" sourcePosition="WEST" targetPosition="EAST" />
    <connection from="t1" to="t2" type="NORMAL" sourcePosition="SOUTH" targetPosition="NORTH" />
    <connection from="t2" to="t3" type="NORMAL" sourcePosition="SOUTH" targetPosition="NORTH" />
    <connection from="t3" to="t4" type="FALSE" sourcePosition="SOUTH" targetPosition="NORTH" />
    <connection from="t3" to="t2" type="TRUE" sourcePosition="NORTH" targetPosition="SOUTH" />
    <connection from="t4" to="t5" type="NORMAL" sourcePosition="SOUTH" targetPosition="NORTH" />
    <connection from="t5" to="t7" type="EXCEPTION" sourcePosition="SOUTH" targetPosition="NORTH" />
    <connection from="t5" to="t7" type="NORMAL" sourcePosition="SOUTH" targetPosition="NORTH" />
    <connection from="t5" to="t6" type="EXCEPTION" sourcePosition="EAST" targetPosition="WEST" />
    <connection from="t6" to="t5" type="NORMAL" sourcePosition="WEST" targetPosition="EAST" />
    <connection from="t8" to="t7" type="NORMAL" sourcePosition="SOUTH" targetPosition="WEST" />
    <connection from="t8" to="t9" type="EXCEPTION" sourcePosition="WEST" targetPosition="EAST" />
    <connection from="t9" to="t8" type="NORMAL" sourcePosition="EAST" targetPosition="WEST" />
    <connection from="t10" to="t11" type="NORMAL" sourcePosition="SOUTH" targetPosition="NORTH" />
    <connection from="t11" to="t12" type="NORMAL" sourcePosition="EAST" targetPosition="WEST" />
    <connection from="t12" to="t11" type="EXCEPTION" sourcePosition="WEST" targetPosition="EAST" />
  </flow>
  <flow type="flow">
    <name>⚡AUTO RUN LALA 2.0⚡Edit by lPHANToMl Stoper</name>
    <group>⚡ LALA BOT 1.2 - 2.0 [NOFACE] Edit by lPHANToMl</group>
    <enabled>false</enabled>
    <executionPolicy>PARALLEL</executionPolicy>
    <triggercontainer id="t1" x="70.0" y="52.5" />
    <actioncontainer id="t2" x="105.0" y="472.5">STOP </actioncontainer>
    <actioncontainer id="t3" x="70.0" y="297.5">Control UI: sleep(3000)</actioncontainer>
    <connection from="t1" to="t3" type="NORMAL" sourcePosition="SOUTH" targetPosition="NORTH" />
    <connection from="t3" to="t2" type="NORMAL" sourcePosition="SOUTH" targetPosition="NORTH" />
  </flow>
  <flow type="flow">
    <name>🐍 ราคา  00 - 99 บาท  🐍
🐍 ต้นทาง - ปลายทาง 🐍 Edit by lPHANToMl</name>
    <description>AUTO BOT LALAMOVE NOFACE </description>
    <group>⚡ LALA BOT 1.2 - 2.0 [NOFACE] Edit by lPHANToMl</group>
    <enabled>false</enabled>
    <executionPolicy>PARALLEL</executionPolicy>
    <triggercontainer id="t1" x="280.0" y="17.5" />
    <notecontainer id="t2" x="542.5" y="192.5" w="245.0" h="105.0">แก้ไข เงื่อนไข ที่ต้องการ</notecontainer>
    <notecontainer id="t3" x="70.0" y="1067.5" w="140.0" h="105.0">เช็คหารตั้งค่าเสียงทุกครั้ง</notecontainer>
    <conditioncontainer id="t4" x="280.0" y="682.5">UI EX 2
[NOFACE]</conditioncontainer>
    <actioncontainer id="t5" x="280.0" y="192.5">JOB
00 - 99

[NOFACE]</actioncontainer>
    <actioncontainer id="t6" x="280.0" y="857.5">RUN

[NOFACE]</actioncontainer>
    <actioncontainer id="t7" x="280.0" y="1312.5">NOFACE</actioncontainer>
    <actioncontainer id="t8" x="280.0" y="1067.5">Sound: /storage/emulated/0/sound_picker_track_213.ogg as Notification</actioncontainer>
    <actioncontainer id="t9" x="420.0" y="1067.5">Download URL: https://github.com/Phantomguy7845/PHANToMFullProjectBeta/raw/main/sound_picker_track_213.ogg to /storage/emulated/0/</actioncontainer>
    <connection from="t1" to="t5" type="NORMAL" sourcePosition="SOUTH" targetPosition="NORTH" />
    <connection from="t4" to="t6" type="FALSE" sourcePosition="SOUTH" targetPosition="NORTH" />
    <connection from="t4" to="t5" type="TRUE" sourcePosition="NORTH" targetPosition="SOUTH" />
    <connection from="t5" to="t2" type="NOTE" sourcePosition="EAST" targetPosition="WEST" />
    <connection from="t5" to="t4" type="NORMAL" sourcePosition="SOUTH" targetPosition="NORTH" />
    <connection from="t6" to="t8" type="NORMAL" sourcePosition="SOUTH" targetPosition="NORTH" />
    <connection from="t8" to="t3" type="NOTE" sourcePosition="WEST" targetPosition="EAST" />
    <connection from="t8" to="t7" type="EXCEPTION" sourcePosition="SOUTH" targetPosition="NORTH" />
    <connection from="t8" to="t7" type="NORMAL" sourcePosition="SOUTH" targetPosition="NORTH" />
    <connection from="t8" to="t9" type="EXCEPTION" sourcePosition="EAST" targetPosition="WEST" />
    <connection from="t9" to="t8" type="NORMAL" sourcePosition="WEST" targetPosition="EAST" />
  </flow>
  <flow type="flow">
    <name>🐝 ราคา  100 - 199 บาท  🐝
🐝 ต้นทาง - ปลายทาง 🐝 Edit by lPHANToMl</name>
    <description>AUTO BOT LALAMOVE NOFACE </description>
    <group>⚡ LALA BOT 1.2 - 2.0 [NOFACE] Edit by lPHANToMl</group>
    <enabled>false</enabled>
    <executionPolicy>PARALLEL</executionPolicy>
    <triggercontainer id="t1" x="385.0" y="52.5" />
    <notecontainer id="t2" x="630.0" y="262.5" w="210.0" h="105.0">แก้ไข เงื่อนไข ที่ต้องการ</notecontainer>
    <actioncontainer id="t3" x="385.0" y="1242.5">NOFACE</actioncontainer>
    <actioncontainer id="t4" x="385.0" y="857.5">RUN

[NOFACE]</actioncontainer>
    <actioncontainer id="t5" x="385.0" y="262.5">JOB
100 - 199

[NOFACE]</actioncontainer>
    <conditioncontainer id="t6" x="385.0" y="577.5">UI EX 2
[NOFACE]</conditioncontainer>
    <actioncontainer id="t7" x="385.0" y="1032.5">Sound: /storage/emulated/0/sound_picker_track_213.ogg as Notification</actioncontainer>
    <actioncontainer id="t8" x="525.0" y="1032.4999">Download URL: https://github.com/Phantomguy7845/PHANToMFullProjectBeta/raw/main/sound_picker_track_213.ogg to /storage/emulated/0/</actioncontainer>
    <connection from="t1" to="t5" type="NORMAL" sourcePosition="SOUTH" targetPosition="NORTH" />
    <connection from="t4" to="t7" type="NORMAL" sourcePosition="SOUTH" targetPosition="NORTH" />
    <connection from="t5" to="t2" type="NOTE" sourcePosition="EAST" targetPosition="WEST" />
    <connection from="t5" to="t6" type="NORMAL" sourcePosition="SOUTH" targetPosition="NORTH" />
    <connection from="t6" to="t4" type="FALSE" sourcePosition="SOUTH" targetPosition="NORTH" />
    <connection from="t6" to="t5" type="TRUE" sourcePosition="NORTH" targetPosition="SOUTH" />
    <connection from="t7" to="t3" type="EXCEPTION" sourcePosition="SOUTH" targetPosition="NORTH" />
    <connection from="t7" to="t3" type="NORMAL" sourcePosition="SOUTH" targetPosition="NORTH" />
    <connection from="t7" to="t8" type="EXCEPTION" sourcePosition="EAST" targetPosition="WEST" />
    <connection from="t8" to="t7" type="NORMAL" sourcePosition="WEST" targetPosition="EAST" />
  </flow>
  <flow type="flow">
    <name>🐣 ราคา  200 - 299 บาท  🐣
🐣 ต้นทาง - ปลายทาง 🐣 Edit by lPHANToMl</name>
    <description>AUTO BOT LALAMOVE NOFACE </description>
    <group>⚡ LALA BOT 1.2 - 2.0 [NOFACE] Edit by lPHANToMl</group>
    <enabled>false</enabled>
    <executionPolicy>PARALLEL</executionPolicy>
    <triggercontainer id="t1" x="385.0" y="52.5" />
    <notecontainer id="t2" x="630.0" y="262.5" w="210.0" h="105.0">แก้ไข เงื่อนไข ที่ต้องการ</notecontainer>
    <actioncontainer id="t3" x="385.0" y="1277.5">NOFACE</actioncontainer>
    <actioncontainer id="t4" x="385.0" y="857.5">RUN

[NOFACE]</actioncontainer>
    <conditioncontainer id="t5" x="385.0" y="717.5">UI EX 2
[NOFACE]</conditioncontainer>
    <actioncontainer id="t6" x="385.0" y="262.5">JOB
200 - 299

[NOFACE]</actioncontainer>
    <actioncontainer id="t7" x="385.0" y="1067.5">Sound: /storage/emulated/0/sound_picker_track_213.ogg as Notification</actioncontainer>
    <actioncontainer id="t8" x="525.0001" y="1067.5001">Download URL: https://github.com/Phantomguy7845/PHANToMFullProjectBeta/raw/main/sound_picker_track_213.ogg to /storage/emulated/0/</actioncontainer>
    <connection from="t1" to="t6" type="NORMAL" sourcePosition="SOUTH" targetPosition="NORTH" />
    <connection from="t4" to="t7" type="NORMAL" sourcePosition="SOUTH" targetPosition="NORTH" />
    <connection from="t5" to="t4" type="FALSE" sourcePosition="SOUTH" targetPosition="NORTH" />
    <connection from="t5" to="t6" type="TRUE" sourcePosition="NORTH" targetPosition="SOUTH" />
    <connection from="t6" to="t2" type="NOTE" sourcePosition="EAST" targetPosition="WEST" />
    <connection from="t6" to="t5" type="NORMAL" sourcePosition="SOUTH" targetPosition="NORTH" />
    <connection from="t7" to="t3" type="EXCEPTION" sourcePosition="SOUTH" targetPosition="NORTH" />
    <connection from="t7" to="t3" type="NORMAL" sourcePosition="SOUTH" targetPosition="NORTH" />
    <connection from="t7" to="t8" type="EXCEPTION" sourcePosition="EAST" targetPosition="WEST" />
    <connection from="t8" to="t7" type="NORMAL" sourcePosition="WEST" targetPosition="EAST" />
  </flow>
  <flow type="flow">
    <name>🐬 ราคา  300 - 399 บาท  🐬
🐬 ต้นทาง - ปลายทาง 🐬 Edit by lPHANToMl</name>
    <description>AUTO BOT LALAMOVE NOFACE </description>
    <group>⚡ LALA BOT 1.2 - 2.0 [NOFACE] Edit by lPHANToMl</group>
    <enabled>false</enabled>
    <executionPolicy>PARALLEL</executionPolicy>
    <triggercontainer id="t1" x="385.0" y="52.5" />
    <notecontainer id="t2" x="630.0" y="262.5" w="210.0" h="105.0">แก้ไข เงื่อนไข ที่ต้องการ</notecontainer>
    <actioncontainer id="t3" x="385.0" y="1242.5">NOFACE</actioncontainer>
    <actioncontainer id="t4" x="385.0" y="857.5">RUN

[NOFACE]</actioncontainer>
    <conditioncontainer id="t5" x="385.0" y="717.5">UI EX 2
[NOFACE]</conditioncontainer>
    <actioncontainer id="t6" x="385.0" y="262.5">JOB
300 - 399

[NOFACE]</actioncontainer>
    <actioncontainer id="t7" x="385.0" y="1032.5">Sound: /storage/emulated/0/sound_picker_track_213.ogg as Notification</actioncontainer>
    <actioncontainer id="t8" x="525.0" y="1032.5">Download URL: https://github.com/Phantomguy7845/PHANToMFullProjectBeta/raw/main/sound_picker_track_213.ogg to /storage/emulated/0/</actioncontainer>
    <connection from="t1" to="t6" type="NORMAL" sourcePosition="SOUTH" targetPosition="NORTH" />
    <connection from="t4" to="t7" type="NORMAL" sourcePosition="SOUTH" targetPosition="NORTH" />
    <connection from="t5" to="t4" type="FALSE" sourcePosition="SOUTH" targetPosition="NORTH" />
    <connection from="t5" to="t6" type="TRUE" sourcePosition="NORTH" targetPosition="SOUTH" />
    <connection from="t6" to="t2" type="NOTE" sourcePosition="EAST" targetPosition="WEST" />
    <connection from="t6" to="t5" type="NORMAL" sourcePosition="SOUTH" targetPosition="NORTH" />
    <connection from="t7" to="t3" type="EXCEPTION" sourcePosition="SOUTH" targetPosition="NORTH" />
    <connection from="t7" to="t3" type="NORMAL" sourcePosition="SOUTH" targetPosition="NORTH" />
    <connection from="t7" to="t8" type="EXCEPTION" sourcePosition="EAST" targetPosition="WEST" />
    <connection from="t8" to="t7" type="NORMAL" sourcePosition="WEST" targetPosition="EAST" />
  </flow>
  <flow type="flow">
    <name>🐳 ราคา  400 - 499 บาท  🐳
🐳 ต้นทาง - ปลายทาง 🐳 Edit by lPHANToMl</name>
    <description>AUTO BOT LALAMOVE NOFACE </description>
    <group>⚡ LALA BOT 1.2 - 2.0 [NOFACE] Edit by lPHANToMl</group>
    <enabled>false</enabled>
    <executionPolicy>PARALLEL</executionPolicy>
    <triggercontainer id="t1" x="385.0" y="52.5" />
    <notecontainer id="t2" x="630.0" y="262.5" w="210.0" h="105.0">แก้ไข เงื่อนไข ที่ต้องการ</notecontainer>
    <actioncontainer id="t3" x="385.0" y="1207.5">NOFACE</actioncontainer>
    <actioncontainer id="t4" x="385.0" y="857.5">RUN

[NOFACE]</actioncontainer>
    <conditioncontainer id="t5" x="385.0" y="472.5">UI EX 475
[NOFACE]</conditioncontainer>
    <conditioncontainer id="t6" x="385.0" y="682.5">UI EX 2
[NOFACE]</conditioncontainer>
    <actioncontainer id="t7" x="385.0" y="262.5">JOB
400 - 499

[NOFACE]</actioncontainer>
    <actioncontainer id="t8" x="385.0" y="1032.5">Sound: /storage/emulated/0/sound_picker_track_213.ogg as Notification</actioncontainer>
    <actioncontainer id="t9" x="525.0001" y="1032.5">Download URL: https://github.com/Phantomguy7845/PHANToMFullProjectBeta/raw/main/sound_picker_track_213.ogg to /storage/emulated/0/</actioncontainer>
    <connection from="t1" to="t7" type="NORMAL" sourcePosition="SOUTH" targetPosition="NORTH" />
    <connection from="t4" to="t8" type="NORMAL" sourcePosition="SOUTH" targetPosition="NORTH" />
    <connection from="t5" to="t7" type="FALSE" sourcePosition="NORTH" targetPosition="SOUTH" />
    <connection from="t5" to="t6" type="TRUE" sourcePosition="SOUTH" targetPosition="NORTH" />
    <connection from="t6" to="t5" type="TRUE" sourcePosition="NORTH" targetPosition="SOUTH" />
    <connection from="t6" to="t4" type="FALSE" sourcePosition="SOUTH" targetPosition="NORTH" />
    <connection from="t7" to="t2" type="NOTE" sourcePosition="EAST" targetPosition="WEST" />
    <connection from="t7" to="t5" type="NORMAL" sourcePosition="SOUTH" targetPosition="NORTH" />
    <connection from="t8" to="t3" type="EXCEPTION" sourcePosition="SOUTH" targetPosition="NORTH" />
    <connection from="t8" to="t3" type="NORMAL" sourcePosition="SOUTH" targetPosition="NORTH" />
    <connection from="t8" to="t9" type="EXCEPTION" sourcePosition="EAST" targetPosition="WEST" />
    <connection from="t9" to="t8" type="NORMAL" sourcePosition="WEST" targetPosition="EAST" />
  </flow>
  <flow type="flow">
    <name>🐻 ราคา  500 - 599 บาท  🐻
🐻 ต้นทาง - ปลายทาง 🐻 Edit by lPHANToMl</name>
    <description>AUTO BOT LALAMOVE NOFACE </description>
    <group>⚡ LALA BOT 1.2 - 2.0 [NOFACE] Edit by lPHANToMl</group>
    <enabled>false</enabled>
    <executionPolicy>PARALLEL</executionPolicy>
    <triggercontainer id="t1" x="385.0" y="52.5" />
    <notecontainer id="t2" x="630.0" y="262.5" w="210.0" h="105.0">แก้ไข เงื่อนไข ที่ต้องการ</notecontainer>
    <actioncontainer id="t3" x="385.0" y="1242.5">NOFACE</actioncontainer>
    <actioncontainer id="t4" x="385.0" y="857.5">RUN

[NOFACE]</actioncontainer>
    <conditioncontainer id="t5" x="385.0" y="717.5">UI EX 2
[NOFACE]</conditioncontainer>
    <actioncontainer id="t6" x="385.0" y="262.5">JOB
500 - 599

[NOFACE]</actioncontainer>
    <actioncontainer id="t7" x="385.0" y="1032.5">Sound: /storage/emulated/0/sound_picker_track_213.ogg as Notification</actioncontainer>
    <actioncontainer id="t8" x="524.99994" y="1032.5">Download URL: https://github.com/Phantomguy7845/PHANToMFullProjectBeta/raw/main/sound_picker_track_213.ogg to /storage/emulated/0/</actioncontainer>
    <connection from="t1" to="t6" type="NORMAL" sourcePosition="SOUTH" targetPosition="NORTH" />
    <connection from="t4" to="t7" type="NORMAL" sourcePosition="SOUTH" targetPosition="NORTH" />
    <connection from="t5" to="t4" type="FALSE" sourcePosition="SOUTH" targetPosition="NORTH" />
    <connection from="t5" to="t6" type="TRUE" sourcePosition="NORTH" targetPosition="SOUTH" />
    <connection from="t6" to="t2" type="NOTE" sourcePosition="EAST" targetPosition="WEST" />
    <connection from="t6" to="t5" type="NORMAL" sourcePosition="SOUTH" targetPosition="NORTH" />
    <connection from="t7" to="t3" type="EXCEPTION" sourcePosition="SOUTH" targetPosition="NORTH" />
    <connection from="t7" to="t3" type="NORMAL" sourcePosition="SOUTH" targetPosition="NORTH" />
    <connection from="t7" to="t8" type="EXCEPTION" sourcePosition="EAST" targetPosition="WEST" />
    <connection from="t8" to="t7" type="NORMAL" sourcePosition="WEST" targetPosition="EAST" />
  </flow>
  <flow type="flow">
    <name>🦀 ราคา  600 - 699 บาท  🦀
🦀 ต้นทาง - ปลายทาง 🦀 Edit by lPHANToMl</name>
    <description>AUTO BOT LALAMOVE NOFACE </description>
    <group>⚡ LALA BOT 1.2 - 2.0 [NOFACE] Edit by lPHANToMl</group>
    <enabled>false</enabled>
    <executionPolicy>PARALLEL</executionPolicy>
    <triggercontainer id="t1" x="385.0" y="52.5" />
    <notecontainer id="t2" x="630.0" y="262.5" w="210.0" h="105.0">แก้ไข เงื่อนไข ที่ต้องการ</notecontainer>
    <actioncontainer id="t3" x="385.0" y="1242.5">NOFACE</actioncontainer>
    <conditioncontainer id="t4" x="385.0" y="717.5">UI EX 2
[NOFACE]</conditioncontainer>
    <actioncontainer id="t5" x="385.0" y="857.5">RUN

[NOFACE]</actioncontainer>
    <actioncontainer id="t6" x="385.0" y="262.5">JOB
600 - 699

[NOFACE]</actioncontainer>
    <actioncontainer id="t7" x="385.0" y="1032.5">Sound: /storage/emulated/0/sound_picker_track_213.ogg as Notification</actioncontainer>
    <actioncontainer id="t8" x="525.0" y="1032.5">Download URL: https://github.com/Phantomguy7845/PHANToMFullProjectBeta/raw/main/sound_picker_track_213.ogg to /storage/emulated/0/</actioncontainer>
    <connection from="t1" to="t6" type="NORMAL" sourcePosition="SOUTH" targetPosition="NORTH" />
    <connection from="t4" to="t5" type="FALSE" sourcePosition="SOUTH" targetPosition="NORTH" />
    <connection from="t4" to="t6" type="TRUE" sourcePosition="NORTH" targetPosition="SOUTH" />
    <connection from="t5" to="t7" type="NORMAL" sourcePosition="SOUTH" targetPosition="NORTH" />
    <connection from="t6" to="t2" type="NOTE" sourcePosition="EAST" targetPosition="WEST" />
    <connection from="t6" to="t4" type="NORMAL" sourcePosition="SOUTH" targetPosition="NORTH" />
    <connection from="t7" to="t3" type="EXCEPTION" sourcePosition="SOUTH" targetPosition="NORTH" />
    <connection from="t7" to="t3" type="NORMAL" sourcePosition="SOUTH" targetPosition="NORTH" />
    <connection from="t7" to="t8" type="EXCEPTION" sourcePosition="EAST" targetPosition="WEST" />
    <connection from="t8" to="t7" type="NORMAL" sourcePosition="WEST" targetPosition="EAST" />
  </flow>
  <flow type="flow">
    <name>🦎 ราคา  700 - 799 บาท  🦎
🦎 ต้นทาง - ปลายทาง 🦎 Edit by lPHANToMl</name>
    <description>AUTO BOT LALAMOVE NOFACE </description>
    <group>⚡ LALA BOT 1.2 - 2.0 [NOFACE] Edit by lPHANToMl</group>
    <enabled>false</enabled>
    <executionPolicy>PARALLEL</executionPolicy>
    <triggercontainer id="t1" x="385.0" y="52.5" />
    <notecontainer id="t2" x="630.0" y="262.5" w="210.0" h="105.0">แก้ไข เงื่อนไข ที่ต้องการ</notecontainer>
    <actioncontainer id="t3" x="385.0" y="1312.5">NOFACE</actioncontainer>
    <actioncontainer id="t4" x="385.0" y="857.5">RUN

[NOFACE]</actioncontainer>
    <conditioncontainer id="t5" x="385.0" y="717.5">UI EX 2
[NOFACE]</conditioncontainer>
    <actioncontainer id="t6" x="385.0" y="262.5">JOB
700 - 799

[NOFACE]</actioncontainer>
    <actioncontainer id="t7" x="385.0" y="1067.5">Sound: /storage/emulated/0/sound_picker_track_213.ogg as Notification</actioncontainer>
    <actioncontainer id="t8" x="525.0" y="1067.5">Download URL: https://github.com/Phantomguy7845/PHANToMFullProjectBeta/raw/main/sound_picker_track_213.ogg to /storage/emulated/0/</actioncontainer>
    <connection from="t1" to="t6" type="NORMAL" sourcePosition="SOUTH" targetPosition="NORTH" />
    <connection from="t4" to="t7" type="NORMAL" sourcePosition="SOUTH" targetPosition="NORTH" />
    <connection from="t5" to="t4" type="FALSE" sourcePosition="SOUTH" targetPosition="NORTH" />
    <connection from="t5" to="t6" type="TRUE" sourcePosition="NORTH" targetPosition="SOUTH" />
    <connection from="t6" to="t2" type="NOTE" sourcePosition="EAST" targetPosition="WEST" />
    <connection from="t6" to="t5" type="NORMAL" sourcePosition="SOUTH" targetPosition="NORTH" />
    <connection from="t7" to="t3" type="EXCEPTION" sourcePosition="SOUTH" targetPosition="NORTH" />
    <connection from="t7" to="t3" type="NORMAL" sourcePosition="SOUTH" targetPosition="NORTH" />
    <connection from="t7" to="t8" type="EXCEPTION" sourcePosition="EAST" targetPosition="WEST" />
    <connection from="t8" to="t7" type="NORMAL" sourcePosition="WEST" targetPosition="EAST" />
  </flow>
  <flow type="flow">
    <name>🦕 ราคา  800 - 899 บาท  🦕
🦕 ต้นทาง - ปลายทาง 🦕 Edit by lPHANToMl</name>
    <description>AUTO BOT LALAMOVE NOFACE </description>
    <group>⚡ LALA BOT 1.2 - 2.0 [NOFACE] Edit by lPHANToMl</group>
    <enabled>false</enabled>
    <executionPolicy>PARALLEL</executionPolicy>
    <triggercontainer id="t1" x="385.0" y="52.5" />
    <notecontainer id="t2" x="630.0" y="262.5" w="210.0" h="105.0">แก้ไข เงื่อนไข ที่ต้องการ</notecontainer>
    <actioncontainer id="t3" x="385.0" y="1312.5">NOFACE</actioncontainer>
    <actioncontainer id="t4" x="385.0" y="857.5">RUN

[NOFACE]</actioncontainer>
    <conditioncontainer id="t5" x="385.0" y="717.5">UI EX 2
[NOFACE]</conditioncontainer>
    <actioncontainer id="t6" x="385.0" y="262.5">JOB
800 - 899

[NOFACE]</actioncontainer>
    <actioncontainer id="t7" x="385.0" y="1067.5">Sound: /storage/emulated/0/sound_picker_track_213.ogg as Notification</actioncontainer>
    <actioncontainer id="t8" x="525.0" y="1067.5">Download URL: https://github.com/Phantomguy7845/PHANToMFullProjectBeta/raw/main/sound_picker_track_213.ogg to /storage/emulated/0/</actioncontainer>
    <connection from="t1" to="t6" type="NORMAL" sourcePosition="SOUTH" targetPosition="NORTH" />
    <connection from="t4" to="t7" type="NORMAL" sourcePosition="SOUTH" targetPosition="NORTH" />
    <connection from="t5" to="t4" type="FALSE" sourcePosition="SOUTH" targetPosition="NORTH" />
    <connection from="t5" to="t6" type="TRUE" sourcePosition="NORTH" targetPosition="SOUTH" />
    <connection from="t6" to="t2" type="NOTE" sourcePosition="EAST" targetPosition="WEST" />
    <connection from="t6" to="t5" type="NORMAL" sourcePosition="SOUTH" targetPosition="NORTH" />
    <connection from="t7" to="t3" type="EXCEPTION" sourcePosition="SOUTH" targetPosition="NORTH" />
    <connection from="t7" to="t3" type="NORMAL" sourcePosition="SOUTH" targetPosition="NORTH" />
    <connection from="t7" to="t8" type="EXCEPTION" sourcePosition="EAST" targetPosition="WEST" />
    <connection from="t8" to="t7" type="NORMAL" sourcePosition="WEST" targetPosition="EAST" />
  </flow>
  <flow type="flow">
    <name>🦘 ราคา  900 - 999 บาท  🦘
🦘 ต้นทาง - ปลายทาง 🦘 Edit by lPHANToMl</name>
    <description>AUTO BOT LALAMOVE NOFACE </description>
    <group>⚡ LALA BOT 1.2 - 2.0 [NOFACE] Edit by lPHANToMl</group>
    <enabled>false</enabled>
    <executionPolicy>PARALLEL</executionPolicy>
    <triggercontainer id="t1" x="385.0" y="52.5" />
    <notecontainer id="t2" x="630.0" y="262.5" w="210.0" h="105.0">แก้ไข เงื่อนไข ที่ต้องการ</notecontainer>
    <actioncontainer id="t3" x="385.0" y="1312.5">NOFACE</actioncontainer>
    <actioncontainer id="t4" x="385.0" y="857.5">RUN

[NOFACE]</actioncontainer>
    <conditioncontainer id="t5" x="385.0" y="717.5">UI EX 2
[NOFACE]</conditioncontainer>
    <actioncontainer id="t6" x="385.0" y="262.5">JOB
900 - 999

[NOFACE]</actioncontainer>
    <actioncontainer id="t7" x="385.0" y="1067.5">Sound: /storage/emulated/0/sound_picker_track_213.ogg as Notification</actioncontainer>
    <actioncontainer id="t8" x="525.0" y="1067.5">Download URL: https://github.com/Phantomguy7845/PHANToMFullProjectBeta/raw/main/sound_picker_track_213.ogg to /storage/emulated/0/</actioncontainer>
    <connection from="t1" to="t6" type="NORMAL" sourcePosition="SOUTH" targetPosition="NORTH" />
    <connection from="t4" to="t7" type="NORMAL" sourcePosition="SOUTH" targetPosition="NORTH" />
    <connection from="t5" to="t4" type="FALSE" sourcePosition="SOUTH" targetPosition="NORTH" />
    <connection from="t5" to="t6" type="TRUE" sourcePosition="NORTH" targetPosition="SOUTH" />
    <connection from="t6" to="t2" type="NOTE" sourcePosition="EAST" targetPosition="WEST" />
    <connection from="t6" to="t5" type="NORMAL" sourcePosition="SOUTH" targetPosition="NORTH" />
    <connection from="t7" to="t3" type="EXCEPTION" sourcePosition="SOUTH" targetPosition="NORTH" />
    <connection from="t7" to="t3" type="NORMAL" sourcePosition="SOUTH" targetPosition="NORTH" />
    <connection from="t7" to="t8" type="EXCEPTION" sourcePosition="EAST" targetPosition="WEST" />
    <connection from="t8" to="t7" type="NORMAL" sourcePosition="WEST" targetPosition="EAST" />
  </flow>
  <flow type="flow">
    <name>🦝 ราคา  1,000 - 9,999 บาท  🦝
🦝 ต้นทาง - ปลายทาง 🦝 Edit by lPHANToMl</name>
    <description>AUTO BOT LALAMOVE NOFACE </description>
    <group>⚡ LALA BOT 1.2 - 2.0 [NOFACE] Edit by lPHANToMl</group>
    <enabled>false</enabled>
    <executionPolicy>PARALLEL</executionPolicy>
    <triggercontainer id="t1" x="385.0" y="52.5" />
    <notecontainer id="t2" x="630.0" y="262.5" w="210.0" h="105.0">แก้ไข เงื่อนไข ที่ต้องการ</notecontainer>
    <actioncontainer id="t3" x="385.0" y="857.5">RUN

[NOFACE]</actioncontainer>
    <actioncontainer id="t4" x="385.0" y="1382.5">NOFACE</actioncontainer>
    <conditioncontainer id="t5" x="385.0" y="717.5">UI EX 2
[NOFACE]</conditioncontainer>
    <actioncontainer id="t6" x="385.0" y="262.5">JOB
1,000 - 9,999

[NOFACE]</actioncontainer>
    <actioncontainer id="t7" x="385.0" y="1102.5">Sound: /storage/emulated/0/sound_picker_track_213.ogg as Notification</actioncontainer>
    <actioncontainer id="t8" x="525.0" y="1102.5">Download URL: https://github.com/Phantomguy7845/PHANToMFullProjectBeta/raw/main/sound_picker_track_213.ogg to /storage/emulated/0/</actioncontainer>
    <connection from="t1" to="t6" type="NORMAL" sourcePosition="SOUTH" targetPosition="NORTH" />
    <connection from="t3" to="t7" type="NORMAL" sourcePosition="SOUTH" targetPosition="NORTH" />
    <connection from="t5" to="t3" type="FALSE" sourcePosition="SOUTH" targetPosition="NORTH" />
    <connection from="t5" to="t6" type="TRUE" sourcePosition="NORTH" targetPosition="SOUTH" />
    <connection from="t6" to="t2" type="NOTE" sourcePosition="EAST" targetPosition="WEST" />
    <connection from="t6" to="t5" type="NORMAL" sourcePosition="SOUTH" targetPosition="NORTH" />
    <connection from="t7" to="t4" type="EXCEPTION" sourcePosition="SOUTH" targetPosition="NORTH" />
    <connection from="t7" to="t4" type="NORMAL" sourcePosition="SOUTH" targetPosition="NORTH" />
    <connection from="t7" to="t8" type="EXCEPTION" sourcePosition="EAST" targetPosition="WEST" />
    <connection from="t8" to="t7" type="NORMAL" sourcePosition="WEST" targetPosition="EAST" />
  </flow>
</data>