<?xml version='1.0' encoding='UTF-8' standalone='yes' ?>
<data version="1.37.0">
  <trigger type="activity_ended">
    <useDefaultName>true</useDefaultName>
    <name>Activity Ended: com.lalamove.global.driver.sea/com.deliverysdk.driver.splash.MainActivity</name>
    <enabled>true</enabled>
    <method>USAGE_STATISTICS</method>
    <packageNameFilter>com.lalamove.global.driver.sea</packageNameFilter>
    <classNameFilter>com.deliverysdk.driver.splash.MainActivity</classNameFilter>
  </trigger>
  <trigger type="activity_started">
    <useDefaultName>true</useDefaultName>
    <name>Activity Started: com.lalamove.global.driver.sea/com.deliverysdk.driver.module_home.mvp.ui.activity.HomeOrderDetailActivity</name>
    <enabled>true</enabled>
    <method>USAGE_STATISTICS</method>
    <packageNameFilter>com.lalamove.global.driver.sea</packageNameFilter>
    <classNameFilter>com.deliverysdk.driver.module_home.mvp.ui.activity.HomeOrderDetailActivity</classNameFilter>
  </trigger>
  <trigger type="activity_started">
    <useDefaultName>true</useDefaultName>
    <name>Activity Started: com.lalamove.global.driver.sea/com.deliverysdk.driver.module_record.mvvm.orderdetails.RecordOrderDetailNewActivity</name>
    <enabled>true</enabled>
    <method>USAGE_STATISTICS</method>
    <packageNameFilter>com.lalamove.global.driver.sea</packageNameFilter>
    <classNameFilter>com.deliverysdk.driver.module_record.mvvm.orderdetails.RecordOrderDetailNewActivity</classNameFilter>
  </trigger>
  <trigger type="activity_started">
    <useDefaultName>true</useDefaultName>
    <name>Activity Started: com.lalamove.global.driver.sea/com.deliverysdk.driver.splash.MainActivity</name>
    <enabled>true</enabled>
    <method>USAGE_STATISTICS</method>
    <packageNameFilter>com.lalamove.global.driver.sea</packageNameFilter>
    <classNameFilter>com.deliverysdk.driver.splash.MainActivity</classNameFilter>
  </trigger>
  <trigger type="app_task_started">
    <useDefaultName>true</useDefaultName>
    <name>App Task Started: com.android1500.gpssetter</name>
    <enabled>true</enabled>
    <method>USAGE_STATISTICS</method>
    <packageNameFilter>com.android1500.gpssetter</packageNameFilter>
  </trigger>
  <trigger type="shortcut">
    <useDefaultName>true</useDefaultName>
    <name>Shortcut: Single tap lala</name>
    <enabled>false</enabled>
    <title>Single tap lala</title>
  </trigger>
  <condition type="app_task_running">
    <useDefaultName>true</useDefaultName>
    <name>App Task Running: com.android1500.gpssetter,com.lalamove.global.driver.sea (most recent)</name>
    <method>USAGE_STATISTICS</method>
    <packageNameList>com.android1500.gpssetter,com.lalamove.global.driver.sea</packageNameList>
    <checkMostRecentAppTaskOnly>true</checkMostRecentAppTaskOnly>
  </condition>
  <condition type="flow_executing">
    <useDefaultName>true</useDefaultName>
    <name>Flow Executing: 🎭PHANToM Menu Dialog🎭</name>
    <flowName>🎭PHANToM Menu Dialog🎭</flowName>
  </condition>
  <action type="clear_automagic_log">
    <useDefaultName>false</useDefaultName>
    <name>Clear PHANToM Log</name>
  </action>
  <action type="control_user_interface">
    <useDefaultName>false</useDefaultName>
    <name>Control UI: click("My Location"); sleep(2370); touchGesture(0, 90, newList(Defaultlocation_x, Defaultlocation_y)); sleep(150); clickById("com.android1500.gpssetter:id/stop"); sleep(100);.2</name>
    <script>click("My Location");
sleep(2370);



touchGesture(0, 90, newList(Defaultlocation_x, Defaultlocation_y));
sleep(150);
clickById("com.android1500.gpssetter:id/stop");
sleep(100);</script>
  </action>
  <action type="execute_flows">
    <useDefaultName>true</useDefaultName>
    <name>Execute Flows: 🎭PHANToM Menu Dialog🎭</name>
    <includeFlowNamePatternList>🎭PHANToM Menu Dialog🎭</includeFlowNamePatternList>
    <excludeFlowNamePatternList></excludeFlowNamePatternList>
    <skipDisabledFlowsWithoutError>false</skipDisabledFlowsWithoutError>
    <waitForFlowsToFinish>false</waitForFlowsToFinish>
    <returnLocalVariablesToCallingFlow>false</returnLocalVariablesToCallingFlow>
  </action>
  <action type="execute_flows">
    <useDefaultName>true</useDefaultName>
    <name>Execute Flows: 👩‍🔧Settings Page👩‍🔧</name>
    <includeFlowNamePatternList>👩‍🔧Settings Page👩‍🔧</includeFlowNamePatternList>
    <excludeFlowNamePatternList></excludeFlowNamePatternList>
    <skipDisabledFlowsWithoutError>false</skipDisabledFlowsWithoutError>
    <waitForFlowsToFinish>false</waitForFlowsToFinish>
    <returnLocalVariablesToCallingFlow>false</returnLocalVariablesToCallingFlow>
  </action>
  <action type="execute_flows">
    <useDefaultName>true</useDefaultName>
    <name>Execute Flows: 🕹️Floating button Action order</name>
    <includeFlowNamePatternList>🕹️Floating button Action order</includeFlowNamePatternList>
    <excludeFlowNamePatternList></excludeFlowNamePatternList>
    <skipDisabledFlowsWithoutError>true</skipDisabledFlowsWithoutError>
    <waitForFlowsToFinish>false</waitForFlowsToFinish>
    <returnLocalVariablesToCallingFlow>false</returnLocalVariablesToCallingFlow>
  </action>
  <action type="execute_flows">
    <useDefaultName>true</useDefaultName>
    <name>Execute Flows: 🕹️Floating button Hider</name>
    <includeFlowNamePatternList>🕹️Floating button Hider</includeFlowNamePatternList>
    <excludeFlowNamePatternList></excludeFlowNamePatternList>
    <skipDisabledFlowsWithoutError>false</skipDisabledFlowsWithoutError>
    <waitForFlowsToFinish>false</waitForFlowsToFinish>
    <returnLocalVariablesToCallingFlow>false</returnLocalVariablesToCallingFlow>
  </action>
  <action type="execute_flows">
    <useDefaultName>true</useDefaultName>
    <name>Execute Flows: 🕹️Menu Dialog connector</name>
    <includeFlowNamePatternList>🕹️Menu Dialog connector</includeFlowNamePatternList>
    <excludeFlowNamePatternList></excludeFlowNamePatternList>
    <skipDisabledFlowsWithoutError>false</skipDisabledFlowsWithoutError>
    <waitForFlowsToFinish>false</waitForFlowsToFinish>
    <returnLocalVariablesToCallingFlow>false</returnLocalVariablesToCallingFlow>
  </action>
  <action type="execute_flows">
    <useDefaultName>true</useDefaultName>
    <name>Execute Flows: 🕹️Task Swipe,🕹️Task Refresh Screen,🕹️Clear Location</name>
    <includeFlowNamePatternList>🕹️Task Swipe,🕹️Task Refresh Screen,🕹️Clear Location</includeFlowNamePatternList>
    <excludeFlowNamePatternList></excludeFlowNamePatternList>
    <skipDisabledFlowsWithoutError>true</skipDisabledFlowsWithoutError>
    <waitForFlowsToFinish>false</waitForFlowsToFinish>
    <returnLocalVariablesToCallingFlow>false</returnLocalVariablesToCallingFlow>
  </action>
  <action type="hide_custom_widget_overlay">
    <useDefaultName>true</useDefaultName>
    <name>Hide Custom Widget Overlay: PHANToM</name>
    <overlayNames>PHANToM</overlayNames>
  </action>
  <action type="script">
    <useDefaultName>false</useDefaultName>
    <name>PHANToM 
Scrips.2</name>
    <script>


X_maxD = 1080.00 ; Y_maxD = 2400.00 ; 

Scale_x = X_maxD / X_maxN;
Scale_y = Y_maxD / Y_maxN;

//***************PHANToM***************
//**********line:phantom1669***********

Swipe_ScaleX1_min = 130.00/Scale_x;
Swipe_ScaleY_min = 2185.00/Scale_y;
Swipe_ScaleX1_max = 190.00/Scale_x;
Swipe_ScaleY_max = 2300.00/Scale_y;
SwipeX1 = random(Swipe_ScaleX1_min,Swipe_ScaleX1_max);
SwipeY1 = random(Swipe_ScaleY_min,Swipe_ScaleY_max);
//Swipe X1 Y1//
SwipeX2 = 1080.00/Scale_x;
SwipeY2 = random(Swipe_ScaleY_min,Swipe_ScaleY_max);
Swipe_Speed = global_SwipeSpeed + 0.00;
//Swipe X2 Y2//
//Swipe//

Re_ScaleX_min = 290.00/Scale_x;
Re_ScaleX_max = 790.00/Scale_x;
ReX1 = random(Re_ScaleX_min,Re_ScaleX_max);
ReY1 = 1610.00 / Scale_y;
//Refresh X1 Y1//
ReX2 = random(Re_ScaleX_min,Re_ScaleX_max);
ReY2 = 2200.00 / Scale_y;
//Refresh X2 Y2//
//Refresh//

TapGet_ScaleX_min = 80.00/Scale_x;
TapGet_ScaleX_max = 1000.00/Scale_x;
TapGet_ScaleY_min = 235.00/Scale_y;
TapGet_ScaleY_max = 470.00/Scale_y;
TapGetX = random(TapGet_ScaleX_min,TapGet_ScaleX_max);
TapGetY = random(TapGet_ScaleY_min,TapGet_ScaleY_max);
//TapGetjob X Y//

TapOrigin_ScaleX_min = 180.00/Scale_x;
TapOrigin_ScaleX_max = 540.00/Scale_x;
TapOrigin_ScaleY_min = 655.00/Scale_y;
TapOrigin_ScaleY_max = 785.00/Scale_y;
TapOriginX = random(TapOrigin_ScaleX_min,TapOrigin_ScaleX_max);
TapOriginY = random(TapOrigin_ScaleY_min,TapOrigin_ScaleY_max);
//Tap Origin X Y//

CopyOrigin_ScaleX_min = 210.00/Scale_x;
CopyOrigin_ScaleX_max = 540.00/Scale_x;
CopyOrigin_ScaleY_min = 350.00/Scale_y;
CopyOrigin_ScaleY_max = 420.00/Scale_y;
CopyOriginX = random(CopyOrigin_ScaleX_min,CopyOrigin_ScaleX_max);
CopyOriginY = random(CopyOrigin_ScaleY_min,CopyOrigin_ScaleY_max);
//CopyOrigin X Y//

bntStart_x = 130.00 / Scale_x;
bntStart_y = 2220.00 / Scale_y;
//Button Start X Y//

Defaultlocation_x = 540.00 / Scale_x;
Defaultlocation_y = 1245.00 / Scale_y;
//Default User Location X Y//

ReSleep = random(1000.00,2000.00);

ReSpeed = random(50.00,350.00);


SleepR = random(300.00,600.00);

Swipespeed = random(25.00,100.00);

</script>
  </action>
  <action type="execute_root_command">
    <useDefaultName>false</useDefaultName>
    <name>Refresh
manual.2</name>
    <command>input swipe {ReX1} {ReY1} {ReX2} {ReY2} {Swipespeed}</command>
    <user></user>
    <seContext></seContext>
    <workingDirectory></workingDirectory>
    <timeout>300000</timeout>
    <variableStdout>stdout</variableStdout>
    <variableStderr>stderr</variableStderr>
    <variableExitCode>exit_code</variableExitCode>
  </action>
  <action type="script">
    <useDefaultName>false</useDefaultName>
    <name>Resolution
Settings.2</name>
    <script>//PHANToM
//line: phantom1669


X_maxN = 1080 + 0.00;

Y_maxN = 2400 + 0.00 ;


//ใส่ค่า Resolution หน้าจอโทรศัพท์ตัวเอง แทนค่าด้านบน 
// จากตัวอย่าง ค่า Resolution คือ 1080 x 2400
//หากใช้ปุ่มนำทาง(3ปุ่ม) หรือ แอปลาล่าไม่แสดงผลเต็มจอ
//หรือมีขอบดำใต้จอ ต้องใช้ค่า Y_maxN จากตำแหน่งสุดท้ายที่-
//แอปสามารถแสดงผลได้
</script>
  </action>
  <action type="set_flow_state">
    <useDefaultName>true</useDefaultName>
    <name>Set Flow State: Disable 🕹️Clear Location</name>
    <enable>false</enable>
    <includeFlowNamePatternList>🕹️Clear Location</includeFlowNamePatternList>
    <excludeFlowNamePatternList></excludeFlowNamePatternList>
  </action>
  <action type="set_flow_state">
    <useDefaultName>true</useDefaultName>
    <name>Set Flow State: Disable 🕹️Floating button Launcher</name>
    <enable>false</enable>
    <includeFlowNamePatternList>🕹️Floating button Launcher</includeFlowNamePatternList>
    <excludeFlowNamePatternList></excludeFlowNamePatternList>
  </action>
  <action type="set_flow_state">
    <useDefaultName>true</useDefaultName>
    <name>Set Flow State: Disable 🕹️Task Refresh Screen</name>
    <enable>false</enable>
    <includeFlowNamePatternList>🕹️Task Refresh Screen</includeFlowNamePatternList>
    <excludeFlowNamePatternList></excludeFlowNamePatternList>
  </action>
  <action type="set_flow_state">
    <useDefaultName>true</useDefaultName>
    <name>Set Flow State: Disable 🕹️Task Swipe</name>
    <enable>false</enable>
    <includeFlowNamePatternList>🕹️Task Swipe</includeFlowNamePatternList>
    <excludeFlowNamePatternList></excludeFlowNamePatternList>
  </action>
  <action type="set_flow_state">
    <useDefaultName>true</useDefaultName>
    <name>Set Flow State: Enable 👩‍🔧Settings Page3👩‍🔧,🔑SigningKeyCheckActivity,🔑System Resources File Loader,🕹️Floating button Hider,👩‍🔧Settings Page4👩‍🔧,👩‍🔧Settings Page👩‍🔧,👩‍🔧Settings Page2👩‍🔧,👩‍🔧Settings Page1👩‍🔧</name>
    <enable>true</enable>
    <includeFlowNamePatternList>👩‍🔧Settings Page3👩‍🔧,🔑SigningKeyCheckActivity,🔑System Resources File Loader,🕹️Floating button Hider,👩‍🔧Settings Page4👩‍🔧,👩‍🔧Settings Page👩‍🔧,👩‍🔧Settings Page2👩‍🔧,👩‍🔧Settings Page1👩‍🔧</includeFlowNamePatternList>
    <excludeFlowNamePatternList></excludeFlowNamePatternList>
  </action>
  <action type="set_flow_state">
    <useDefaultName>true</useDefaultName>
    <name>Set Flow State: Enable 🕹️Clear Location</name>
    <enable>true</enable>
    <includeFlowNamePatternList>🕹️Clear Location</includeFlowNamePatternList>
    <excludeFlowNamePatternList></excludeFlowNamePatternList>
  </action>
  <action type="set_flow_state">
    <useDefaultName>true</useDefaultName>
    <name>Set Flow State: Enable 🕹️Floating button Action order,🕹️Floating button Hider</name>
    <enable>true</enable>
    <includeFlowNamePatternList>🕹️Floating button Action order,🕹️Floating button Hider</includeFlowNamePatternList>
    <excludeFlowNamePatternList></excludeFlowNamePatternList>
  </action>
  <action type="set_flow_state">
    <useDefaultName>true</useDefaultName>
    <name>Set Flow State: Enable 🕹️Task Refresh Screen</name>
    <enable>true</enable>
    <includeFlowNamePatternList>🕹️Task Refresh Screen</includeFlowNamePatternList>
    <excludeFlowNamePatternList></excludeFlowNamePatternList>
  </action>
  <action type="set_flow_state">
    <useDefaultName>true</useDefaultName>
    <name>Set Flow State: Enable 🕹️Task Swipe</name>
    <enable>true</enable>
    <includeFlowNamePatternList>🕹️Task Swipe</includeFlowNamePatternList>
    <excludeFlowNamePatternList></excludeFlowNamePatternList>
  </action>
  <action type="show_custom_widget_overlay">
    <useDefaultName>true</useDefaultName>
    <name>Show Custom Widget Overlay: PHANToM, PHANToM widget  Center Right</name>
    <overlayName>PHANToM</overlayName>
    <widgetName>PHANToM widget</widgetName>
    <width></width>
    <height></height>
    <gravityType>CENTER_RIGHT</gravityType>
    <xOffset>0</xOffset>
    <yOffset>0</yOffset>
    <draggable>true</draggable>
    <opacity>1.00</opacity>
    <clickable>true</clickable>
    <stretchToFillArea>false</stretchToFillArea>
    <showOnTop>true</showOnTop>
  </action>
  <action type="stop_flows">
    <useDefaultName>false</useDefaultName>
    <name>Sop Flows: 🎭PHANToM Menu Dialog🎭</name>
    <includeFlowNamePatternList>🎭PHANToM Menu Dialog🎭</includeFlowNamePatternList>
    <excludeFlowNamePatternList></excludeFlowNamePatternList>
  </action>
  <action type="execute_root_command">
    <useDefaultName>false</useDefaultName>
    <name>Swipe button
PHANToM </name>
    <command>input swipe {SwipeX1} {SwipeY1} {SwipeX2} {SwipeY2} {Swipespeed}</command>
    <user>root</user>
    <seContext></seContext>
    <workingDirectory></workingDirectory>
    <timeout>1000</timeout>
    <variableStdout>NOFACE_ST</variableStdout>
    <variableStderr>NOFACE_ER</variableStderr>
    <variableExitCode>NOFACE_EX</variableExitCode>
  </action>
  <action type="execute_root_command">
    <useDefaultName>false</useDefaultName>
    <name>Tap
GetJob.2</name>
    <command>input tap {TapGetX} {TapGetY}</command>
    <user></user>
    <seContext></seContext>
    <workingDirectory></workingDirectory>
    <timeout>300000</timeout>
    <variableStdout>stdout</variableStdout>
    <variableStderr>stderr</variableStderr>
    <variableExitCode>exit_code</variableExitCode>
  </action>
  <flow type="flow">
    <name>🕹️Clear Location</name>
    <group>🎭PHANToM full Project (Beta)🎭</group>
    <enabled>false</enabled>
    <executionPolicy>PARALLEL</executionPolicy>
    <triggercontainer id="t1" x="315.0" y="122.5" />
    <actioncontainer id="t2" x="315.0" y="227.5">Resolution
Settings.2</actioncontainer>
    <actioncontainer id="t3" x="315.0" y="332.5">PHANToM 
Scrips.2</actioncontainer>
    <actioncontainer id="t4" x="315.0" y="437.5">Control UI: click("My Location"); sleep(2370); touchGesture(0, 90, newList(Defaultlocation_x, Defaultlocation_y)); sleep(150); clickById("com.android1500.gpssetter:id/stop"); sleep(100);.2</actioncontainer>
    <actioncontainer id="t5" x="315.0" y="542.5">Clear PHANToM Log</actioncontainer>
    <connection from="t1" to="t2" type="NORMAL" sourcePosition="SOUTH" targetPosition="NORTH" />
    <connection from="t2" to="t3" type="NORMAL" sourcePosition="SOUTH" targetPosition="NORTH" />
    <connection from="t3" to="t4" type="NORMAL" sourcePosition="SOUTH" targetPosition="NORTH" />
    <connection from="t4" to="t5" type="NORMAL" sourcePosition="SOUTH" targetPosition="NORTH" />
  </flow>
  <flow type="flow">
    <name>🕹️Floating button Action order</name>
    <group>🎭PHANToM full Project (Beta)🎭</group>
    <enabled>true</enabled>
    <executionPolicy>PARALLEL</executionPolicy>
    <triggercontainer id="t1" x="1575.0" y="-1732.5" />
    <actioncontainer id="t2" x="1715.0" y="-857.5">Clear PHANToM Log</actioncontainer>
    <conditioncontainer id="t3" x="1925.0" y="-1347.5">Flow Executing: 🎭PHANToM Menu Dialog🎭</conditioncontainer>
    <actioncontainer id="t4" x="1435.0" y="-1032.5">Execute Flows: 🕹️Task Swipe,🕹️Task Refresh Screen,🕹️Clear Location</actioncontainer>
    <actioncontainer id="t5" x="1995.0" y="-1032.5">Sop Flows: 🎭PHANToM Menu Dialog🎭</actioncontainer>
    <conditioncontainer id="t6" x="1540.0" y="-1347.5">App Task Running: com.android1500.gpssetter,com.lalamove.global.driver.sea (most recent)</conditioncontainer>
    <actioncontainer id="t7" x="1680.0" y="-1137.5">Execute Flows: 🎭PHANToM Menu Dialog🎭</actioncontainer>
    <connection from="t1" to="t6" type="NORMAL" sourcePosition="SOUTH" targetPosition="NORTH" />
    <connection from="t3" to="t7" type="FALSE" sourcePosition="WEST" targetPosition="NORTH" />
    <connection from="t3" to="t5" type="TRUE" sourcePosition="EAST" targetPosition="NORTH" />
    <connection from="t4" to="t2" type="NORMAL" sourcePosition="SOUTH" targetPosition="WEST" />
    <connection from="t5" to="t2" type="NORMAL" sourcePosition="SOUTH" targetPosition="EAST" />
    <connection from="t6" to="t4" type="TRUE" sourcePosition="WEST" targetPosition="NORTH" />
    <connection from="t6" to="t3" type="FALSE" sourcePosition="EAST" targetPosition="WEST" />
    <connection from="t7" to="t2" type="NORMAL" sourcePosition="SOUTH" targetPosition="NORTH" />
  </flow>
  <flow type="flow">
    <name>🕹️Floating button Hider</name>
    <group>🎭PHANToM full Project (Beta)🎭</group>
    <enabled>true</enabled>
    <executionPolicy>PARALLEL</executionPolicy>
    <triggercontainer id="t1" x="70.0" y="52.5" />
    <actioncontainer id="t2" x="-35.0" y="577.5">Clear PHANToM Log</actioncontainer>
    <actioncontainer id="t3" x="70.0" y="262.5">Hide Custom Widget Overlay: PHANToM</actioncontainer>
    <actioncontainer id="t4" x="70.0" y="402.5">Set Flow State: Disable 🕹️Floating button Launcher</actioncontainer>
    <connection from="t1" to="t3" type="NORMAL" sourcePosition="SOUTH" targetPosition="NORTH" />
    <connection from="t3" to="t4" type="NORMAL" sourcePosition="SOUTH" targetPosition="NORTH" />
    <connection from="t4" to="t2" type="NORMAL" sourcePosition="SOUTH" targetPosition="NORTH" />
  </flow>
  <flow type="flow">
    <name>🕹️Floating button Launcher</name>
    <description>สร้างshotcut  จากหัวไฟล์</description>
    <group>🎭PHANToM full Project (Beta)🎭</group>
    <enabled>false</enabled>
    <executionPolicy>PARALLEL</executionPolicy>
    <triggercontainer id="t1" x="210.0" y="-437.5">
      <trigger>Shortcut: Single tap lala</trigger>
    </triggercontainer>
    <actioncontainer id="t2" x="210.0" y="332.5">Clear PHANToM Log</actioncontainer>
    <actioncontainer id="t3" x="210.0" y="-227.5">Set Flow State: Enable 🕹️Floating button Action order,🕹️Floating button Hider</actioncontainer>
    <actioncontainer id="t4" x="210.0" y="17.5">Show Custom Widget Overlay: PHANToM, PHANToM widget  Center Right</actioncontainer>
    <connection from="t1" to="t3" type="NORMAL" sourcePosition="SOUTH" targetPosition="NORTH" />
    <connection from="t3" to="t4" type="NORMAL" sourcePosition="SOUTH" targetPosition="NORTH" />
    <connection from="t4" to="t2" type="NORMAL" sourcePosition="SOUTH" targetPosition="NORTH" />
  </flow>
  <flow type="flow">
    <name>🕹️Menu Dialog connector</name>
    <group>🎭PHANToM full Project (Beta)🎭</group>
    <enabled>true</enabled>
    <executionPolicy>PARALLEL</executionPolicy>
    <triggercontainer id="t1" x="70.0" y="52.5" />
    <actioncontainer id="t2" x="-70.0" y="647.5">Clear PHANToM Log</actioncontainer>
    <actioncontainer id="t3" x="-70.0" y="507.5">Execute Flows: 🎭PHANToM Menu Dialog🎭</actioncontainer>
    <conditioncontainer id="t4" x="-70.0" y="262.5">Flow Executing: 🎭PHANToM Menu Dialog🎭</conditioncontainer>
    <actioncontainer id="t5" x="-245.0" y="507.5">Sop Flows: 🎭PHANToM Menu Dialog🎭</actioncontainer>
    <conditioncontainer id="t6" x="105.0" y="262.5">App Task Running: com.android1500.gpssetter,com.lalamove.global.driver.sea (most recent)</conditioncontainer>
    <actioncontainer id="t7" x="245.0" y="402.5">Set Flow State: Enable 👩‍🔧Settings Page3👩‍🔧,🔑SigningKeyCheckActivity,🔑System Resources File Loader,🕹️Floating button Hider,👩‍🔧Settings Page4👩‍🔧,👩‍🔧Settings Page👩‍🔧,👩‍🔧Settings Page2👩‍🔧,👩‍🔧Settings Page1👩‍🔧</actioncontainer>
    <actioncontainer id="t8" x="245.0" y="507.5">Execute Flows: 👩‍🔧Settings Page👩‍🔧</actioncontainer>
    <connection from="t1" to="t6" type="NORMAL" sourcePosition="SOUTH" targetPosition="NORTH" />
    <connection from="t3" to="t2" type="NORMAL" sourcePosition="SOUTH" targetPosition="NORTH" />
    <connection from="t4" to="t5" type="TRUE" sourcePosition="WEST" targetPosition="NORTH" />
    <connection from="t4" to="t3" type="FALSE" sourcePosition="SOUTH" targetPosition="NORTH" />
    <connection from="t5" to="t2" type="NORMAL" sourcePosition="SOUTH" targetPosition="WEST" />
    <connection from="t6" to="t4" type="TRUE" sourcePosition="WEST" targetPosition="EAST" />
    <connection from="t6" to="t7" type="FALSE" sourcePosition="SOUTH" targetPosition="NORTH" />
    <connection from="t7" to="t8" type="NORMAL" sourcePosition="SOUTH" targetPosition="NORTH" />
    <connection from="t8" to="t2" type="NORMAL" sourcePosition="SOUTH" targetPosition="EAST" />
  </flow>
  <flow type="flow">
    <name>🕹️Set clear Location</name>
    <group>🎭PHANToM full Project (Beta)🎭</group>
    <enabled>true</enabled>
    <executionPolicy>PARALLEL</executionPolicy>
    <triggercontainer id="t1" x="70.0" y="157.5">
      <trigger>App Task Started: com.android1500.gpssetter</trigger>
    </triggercontainer>
    <actioncontainer id="t2" x="70.0" y="262.5">Set Flow State: Enable 🕹️Clear Location</actioncontainer>
    <actioncontainer id="t3" x="70.0" y="367.5">Set Flow State: Disable 🕹️Task Swipe</actioncontainer>
    <actioncontainer id="t4" x="70.0" y="472.5">Set Flow State: Disable 🕹️Task Refresh Screen</actioncontainer>
    <actioncontainer id="t5" x="70.0" y="577.5">Clear PHANToM Log</actioncontainer>
    <connection from="t1" to="t2" type="NORMAL" sourcePosition="SOUTH" targetPosition="NORTH" />
    <connection from="t2" to="t3" type="NORMAL" sourcePosition="SOUTH" targetPosition="NORTH" />
    <connection from="t3" to="t4" type="NORMAL" sourcePosition="SOUTH" targetPosition="NORTH" />
    <connection from="t4" to="t5" type="NORMAL" sourcePosition="SOUTH" targetPosition="NORTH" />
  </flow>
  <flow type="flow">
    <name>🕹️Set Refresh Screen</name>
    <group>🎭PHANToM full Project (Beta)🎭</group>
    <enabled>true</enabled>
    <executionPolicy>PARALLEL</executionPolicy>
    <triggercontainer id="t1" x="385.0" y="192.5">
      <trigger>Activity Started: com.lalamove.global.driver.sea/com.deliverysdk.driver.splash.MainActivity</trigger>
    </triggercontainer>
    <actioncontainer id="t2" x="420.0" y="577.5">Clear PHANToM Log</actioncontainer>
    <actioncontainer id="t3" x="70.0" y="262.5">Set Flow State: Enable 🕹️Task Refresh Screen</actioncontainer>
    <actioncontainer id="t4" x="70.0" y="577.5">Set Flow State: Disable 🕹️Task Swipe</actioncontainer>
    <actioncontainer id="t5" x="105.0" y="752.5">Set Flow State: Disable 🕹️Clear Location</actioncontainer>
    <connection from="t1" to="t3" type="NORMAL" sourcePosition="SOUTH" targetPosition="NORTH" />
    <connection from="t3" to="t4" type="NORMAL" sourcePosition="SOUTH" targetPosition="NORTH" />
    <connection from="t4" to="t5" type="NORMAL" sourcePosition="SOUTH" targetPosition="NORTH" />
    <connection from="t5" to="t2" type="NORMAL" sourcePosition="SOUTH" targetPosition="NORTH" />
  </flow>
  <flow type="flow">
    <name>🕹️Set Swipe</name>
    <group>🎭PHANToM full Project (Beta)🎭</group>
    <enabled>true</enabled>
    <executionPolicy>PARALLEL</executionPolicy>
    <triggercontainer id="t1" x="315.0" y="227.5">
      <trigger>Activity Started: com.lalamove.global.driver.sea/com.deliverysdk.driver.module_record.mvvm.orderdetails.RecordOrderDetailNewActivity</trigger>
      <trigger>Activity Started: com.lalamove.global.driver.sea/com.deliverysdk.driver.module_home.mvp.ui.activity.HomeOrderDetailActivity</trigger>
      <trigger>Activity Ended: com.lalamove.global.driver.sea/com.deliverysdk.driver.splash.MainActivity</trigger>
    </triggercontainer>
    <actioncontainer id="t2" x="-70.0" y="227.5">Set Flow State: Enable 🕹️Task Swipe</actioncontainer>
    <actioncontainer id="t3" x="350.0" y="612.5">Clear PHANToM Log</actioncontainer>
    <actioncontainer id="t4" x="-70.0" y="612.5">Set Flow State: Disable 🕹️Task Refresh Screen</actioncontainer>
    <actioncontainer id="t5" x="105.0" y="752.5">Set Flow State: Disable 🕹️Clear Location</actioncontainer>
    <connection from="t1" to="t2" type="NORMAL" sourcePosition="WEST" targetPosition="EAST" />
    <connection from="t2" to="t4" type="NORMAL" sourcePosition="SOUTH" targetPosition="NORTH" />
    <connection from="t4" to="t5" type="NORMAL" sourcePosition="SOUTH" targetPosition="NORTH" />
    <connection from="t5" to="t3" type="NORMAL" sourcePosition="SOUTH" targetPosition="NORTH" />
  </flow>
  <flow type="flow">
    <name>🕹️Task Refresh Screen</name>
    <group>🎭PHANToM full Project (Beta)🎭</group>
    <enabled>false</enabled>
    <executionPolicy>PARALLEL</executionPolicy>
    <triggercontainer id="t1" x="350.0" y="122.5" />
    <actioncontainer id="t2" x="350.0" y="507.5">Tap
GetJob.2</actioncontainer>
    <actioncontainer id="t3" x="350.0" y="717.5">Clear PHANToM Log</actioncontainer>
    <actioncontainer id="t4" x="350.0" y="402.5">PHANToM 
Scrips.2</actioncontainer>
    <actioncontainer id="t5" x="350.0" y="612.5">Refresh
manual.2</actioncontainer>
    <actioncontainer id="t6" x="350.0" y="297.5">Resolution
Settings.2</actioncontainer>
    <connection from="t1" to="t6" type="NORMAL" sourcePosition="SOUTH" targetPosition="NORTH" />
    <connection from="t2" to="t5" type="NORMAL" sourcePosition="SOUTH" targetPosition="NORTH" />
    <connection from="t4" to="t2" type="NORMAL" sourcePosition="SOUTH" targetPosition="NORTH" />
    <connection from="t5" to="t3" type="NORMAL" sourcePosition="SOUTH" targetPosition="NORTH" />
    <connection from="t6" to="t4" type="NORMAL" sourcePosition="SOUTH" targetPosition="NORTH" />
  </flow>
  <flow type="flow">
    <name>🕹️Task Swipe</name>
    <group>🎭PHANToM full Project (Beta)🎭</group>
    <enabled>true</enabled>
    <executionPolicy>PARALLEL</executionPolicy>
    <triggercontainer id="t1" x="70.0" y="52.5" />
    <actioncontainer id="t2" x="70.0" y="577.5">Clear PHANToM Log</actioncontainer>
    <actioncontainer id="t3" x="70.0" y="262.5">Resolution
Settings.2</actioncontainer>
    <actioncontainer id="t4" x="70.0" y="367.5">PHANToM 
Scrips.2</actioncontainer>
    <actioncontainer id="t5" x="70.0" y="472.5">Swipe button
PHANToM </actioncontainer>
    <connection from="t1" to="t3" type="NORMAL" sourcePosition="SOUTH" targetPosition="NORTH" />
    <connection from="t3" to="t4" type="NORMAL" sourcePosition="SOUTH" targetPosition="NORTH" />
    <connection from="t4" to="t5" type="NORMAL" sourcePosition="SOUTH" targetPosition="NORTH" />
    <connection from="t5" to="t2" type="NORMAL" sourcePosition="SOUTH" targetPosition="NORTH" />
  </flow>
  <widget type="custom">
    <name>PHANToM widget</name>
    <width>170</width>
    <height>150</height>
    <bitmapScalingFactor>2</bitmapScalingFactor>
    <autoRefresh>false</autoRefresh>
    <autoRefreshFrequency>3600000</autoRefreshFrequency>
    <clickable>
      <row>
        <cell>
          <action gestureType="CLICK">Execute Flows: 🕹️Floating button Action order</action>
          <action gestureType="LONG_CLICK">Execute Flows: 🕹️Menu Dialog connector</action>
        </cell>
        <cell>
          <action gestureType="CLICK">Execute Flows: 🕹️Floating button Action order</action>
          <action gestureType="LONG_CLICK">Execute Flows: 🕹️Menu Dialog connector</action>
        </cell>
        <cell>
          <action gestureType="CLICK">Execute Flows: 🕹️Floating button Action order</action>
          <action gestureType="LONG_CLICK">Execute Flows: 🕹️Menu Dialog connector</action>
        </cell>
        <cell>
          <action gestureType="CLICK">Execute Flows: 🕹️Floating button Action order</action>
          <action gestureType="LONG_CLICK">Execute Flows: 🕹️Menu Dialog connector</action>
        </cell>
        <cell>
          <action gestureType="CLICK">Execute Flows: 🕹️Floating button Hider</action>
        </cell>
      </row>
      <row>
        <cell>
          <action gestureType="CLICK">Execute Flows: 🕹️Floating button Action order</action>
          <action gestureType="LONG_CLICK">Execute Flows: 🕹️Menu Dialog connector</action>
        </cell>
      </row>
      <row>
        <cell>
          <action gestureType="CLICK">Execute Flows: 🕹️Floating button Action order</action>
          <action gestureType="LONG_CLICK">Execute Flows: 🕹️Menu Dialog connector</action>
        </cell>
      </row>
      <row>
        <cell>
          <action gestureType="CLICK">Execute Flows: 🕹️Floating button Action order</action>
          <action gestureType="LONG_CLICK">Execute Flows: 🕹️Menu Dialog connector</action>
        </cell>
      </row>
      <row>
        <cell>
          <action gestureType="CLICK">Execute Flows: 🕹️Floating button Action order</action>
          <action gestureType="LONG_CLICK">Execute Flows: 🕹️Menu Dialog connector</action>
        </cell>
      </row>
      <row>
        <cell>
          <action gestureType="CLICK">Execute Flows: 🕹️Floating button Action order</action>
          <action gestureType="LONG_CLICK">Execute Flows: 🕹️Menu Dialog connector</action>
        </cell>
      </row>
    </clickable>
    <clickableFeedback>false</clickableFeedback>
    <widgetIds></widgetIds>
    <elements>
      <element type="background">
        <properties>
          <property name="cornerradiusx" type="double">50.0</property>
          <property name="cornerradiusy" type="double">50.0</property>
          <property name="fill" type="boolean">false</property>
          <property name="fillcolor" type="integer">-1677721601</property>
          <property name="marginbottom" type="double">0.0</property>
          <property name="marginleft" type="double">0.0</property>
          <property name="marginright" type="double">0.0</property>
          <property name="margintop" type="double">0.0</property>
          <property name="name" type="string">Background</property>
          <property name="roundedcorners" type="boolean">true</property>
          <property name="visible" type="boolean">true</property>
        </properties>
      </element>
      <element type="ellipse">
        <properties>
          <property name="arc" type="boolean">false</property>
          <property name="fill" type="boolean">true</property>
          <property name="fillcolor" type="integer">-11197218</property>
          <property name="fillshadow" type="boolean">false</property>
          <property name="fillshadowcolor" type="integer">-16777216</property>
          <property name="fillshadowoffsetx" type="double">2.0</property>
          <property name="fillshadowoffsety" type="double">2.0</property>
          <property name="fillshadowradius" type="double">3.0</property>
          <property name="height" type="double">148.2</property>
          <property name="name" type="string">พื้น</property>
          <property name="outline" type="boolean">false</property>
          <property name="outlinecolor" type="integer">-16711936</property>
          <property name="outlineshadow" type="boolean">false</property>
          <property name="outlineshadowcolor" type="integer">-16777216</property>
          <property name="outlineshadowoffsetx" type="double">2.0</property>
          <property name="outlineshadowoffsety" type="double">2.0</property>
          <property name="outlineshadowradius" type="double">3.0</property>
          <property name="outlinewidth" type="double">1.0</property>
          <property name="rotation" type="double">0.0</property>
          <property name="rotationx" type="double">0.0</property>
          <property name="rotationy" type="double">0.0</property>
          <property name="startangle" type="double">0.0</property>
          <property name="sweepangle" type="double">90.0</property>
          <property name="usecenter" type="boolean">true</property>
          <property name="visible" type="boolean">true</property>
          <property name="width" type="double">148.2</property>
          <property name="x" type="double">0.0</property>
          <property name="y" type="double">2.0</property>
        </properties>
      </element>
      <element type="ellipse">
        <properties>
          <property name="arc" type="boolean">false</property>
          <property name="fill" type="boolean">true</property>
          <property name="fillcolor" type="integer">-1</property>
          <property name="fillshadow" type="boolean">false</property>
          <property name="fillshadowcolor" type="integer">-16777216</property>
          <property name="fillshadowoffsetx" type="double">2.0</property>
          <property name="fillshadowoffsety" type="double">2.0</property>
          <property name="fillshadowradius" type="double">3.0</property>
          <property name="height" type="double">100.0</property>
          <property name="name" type="string">ตัว</property>
          <property name="outline" type="boolean">false</property>
          <property name="outlinecolor" type="integer">-16711936</property>
          <property name="outlineshadow" type="boolean">false</property>
          <property name="outlineshadowcolor" type="integer">-16777216</property>
          <property name="outlineshadowoffsetx" type="double">2.0</property>
          <property name="outlineshadowoffsety" type="double">2.0</property>
          <property name="outlineshadowradius" type="double">3.0</property>
          <property name="outlinewidth" type="double">1.0</property>
          <property name="rotation" type="double">0.0</property>
          <property name="rotationx" type="double">0.0</property>
          <property name="rotationy" type="double">0.0</property>
          <property name="startangle" type="double">0.0</property>
          <property name="sweepangle" type="double">90.0</property>
          <property name="usecenter" type="boolean">true</property>
          <property name="visible" type="boolean">true</property>
          <property name="width" type="double">100.0</property>
          <property name="x" type="double">17.0</property>
          <property name="y" type="double">26.0</property>
        </properties>
      </element>
      <element type="ellipse">
        <properties>
          <property name="arc" type="boolean">true</property>
          <property name="fill" type="boolean">true</property>
          <property name="fillcolor" type="integer">-1</property>
          <property name="fillshadow" type="boolean">false</property>
          <property name="fillshadowcolor" type="integer">-16777216</property>
          <property name="fillshadowoffsetx" type="double">2.0</property>
          <property name="fillshadowoffsety" type="double">2.0</property>
          <property name="fillshadowradius" type="double">3.0</property>
          <property name="height" type="double">100.0</property>
          <property name="name" type="string">หาง</property>
          <property name="outline" type="boolean">false</property>
          <property name="outlinecolor" type="integer">-16711936</property>
          <property name="outlineshadow" type="boolean">false</property>
          <property name="outlineshadowcolor" type="integer">-16777216</property>
          <property name="outlineshadowoffsetx" type="double">2.0</property>
          <property name="outlineshadowoffsety" type="double">2.0</property>
          <property name="outlineshadowradius" type="double">3.0</property>
          <property name="outlinewidth" type="double">1.0</property>
          <property name="rotation" type="double">0.0</property>
          <property name="rotationx" type="double">0.0</property>
          <property name="rotationy" type="double">0.0</property>
          <property name="startangle" type="double">0.0</property>
          <property name="sweepangle" type="double">110.0</property>
          <property name="usecenter" type="boolean">true</property>
          <property name="visible" type="boolean">true</property>
          <property name="width" type="double">124.0</property>
          <property name="x" type="double">11.0</property>
          <property name="y" type="double">26.0</property>
        </properties>
      </element>
      <element type="ellipse">
        <properties>
          <property name="arc" type="boolean">false</property>
          <property name="fill" type="boolean">true</property>
          <property name="fillcolor" type="integer">-11197218</property>
          <property name="fillshadow" type="boolean">false</property>
          <property name="fillshadowcolor" type="integer">-16777216</property>
          <property name="fillshadowoffsetx" type="double">2.0</property>
          <property name="fillshadowoffsety" type="double">2.0</property>
          <property name="fillshadowradius" type="double">3.0</property>
          <property name="height" type="double">23.0</property>
          <property name="name" type="string">Ellipse_1</property>
          <property name="outline" type="boolean">false</property>
          <property name="outlinecolor" type="integer">-16711936</property>
          <property name="outlineshadow" type="boolean">false</property>
          <property name="outlineshadowcolor" type="integer">-16777216</property>
          <property name="outlineshadowoffsetx" type="double">2.0</property>
          <property name="outlineshadowoffsety" type="double">2.0</property>
          <property name="outlineshadowradius" type="double">3.0</property>
          <property name="outlinewidth" type="double">1.0</property>
          <property name="rotation" type="double">0.0</property>
          <property name="rotationx" type="double">0.0</property>
          <property name="rotationy" type="double">0.0</property>
          <property name="startangle" type="double">0.0</property>
          <property name="sweepangle" type="double">90.0</property>
          <property name="usecenter" type="boolean">true</property>
          <property name="visible" type="boolean">true</property>
          <property name="width" type="double">14.0</property>
          <property name="x" type="double">33.0</property>
          <property name="y" type="double">61.0</property>
        </properties>
      </element>
      <element type="ellipse">
        <properties>
          <property name="arc" type="boolean">false</property>
          <property name="fill" type="boolean">true</property>
          <property name="fillcolor" type="integer">-11197218</property>
          <property name="fillshadow" type="boolean">false</property>
          <property name="fillshadowcolor" type="integer">-16777216</property>
          <property name="fillshadowoffsetx" type="double">2.0</property>
          <property name="fillshadowoffsety" type="double">2.0</property>
          <property name="fillshadowradius" type="double">3.0</property>
          <property name="height" type="double">23.0</property>
          <property name="name" type="string">Ellipse_2</property>
          <property name="outline" type="boolean">false</property>
          <property name="outlinecolor" type="integer">-16711936</property>
          <property name="outlineshadow" type="boolean">false</property>
          <property name="outlineshadowcolor" type="integer">-16777216</property>
          <property name="outlineshadowoffsetx" type="double">2.0</property>
          <property name="outlineshadowoffsety" type="double">2.0</property>
          <property name="outlineshadowradius" type="double">3.0</property>
          <property name="outlinewidth" type="double">1.0</property>
          <property name="rotation" type="double">0.0</property>
          <property name="rotationx" type="double">0.0</property>
          <property name="rotationy" type="double">0.0</property>
          <property name="startangle" type="double">0.0</property>
          <property name="sweepangle" type="double">90.0</property>
          <property name="usecenter" type="boolean">true</property>
          <property name="visible" type="boolean">true</property>
          <property name="width" type="double">14.0</property>
          <property name="x" type="double">55.5</property>
          <property name="y" type="double">60.5</property>
        </properties>
      </element>
      <element type="text">
        <properties>
          <property name="clip" type="boolean">false</property>
          <property name="fakebold" type="boolean">false</property>
          <property name="fill" type="boolean">true</property>
          <property name="fillcolor" type="integer">-6316129</property>
          <property name="fillshadow" type="boolean">false</property>
          <property name="fillshadowcolor" type="integer">-16777216</property>
          <property name="fillshadowoffsetx" type="double">2.0</property>
          <property name="fillshadowoffsety" type="double">2.0</property>
          <property name="fillshadowradius" type="double">3.0</property>
          <property name="height" type="double">100.0</property>
          <property name="multiline" type="boolean">false</property>
          <property name="name" type="string">Text_2</property>
          <property name="outline" type="boolean">false</property>
          <property name="outlinecolor" type="integer">-16711936</property>
          <property name="outlineshadow" type="boolean">false</property>
          <property name="outlineshadowcolor" type="integer">-16777216</property>
          <property name="outlineshadowoffsetx" type="double">2.0</property>
          <property name="outlineshadowoffsety" type="double">2.0</property>
          <property name="outlineshadowradius" type="double">3.0</property>
          <property name="outlinewidth" type="double">1.0</property>
          <property name="rotation" type="double">0.0</property>
          <property name="rotationx" type="double">0.0</property>
          <property name="rotationy" type="double">0.0</property>
          <property name="strikethrough" type="boolean">false</property>
          <property name="text" type="string">×</property>
          <property name="textalign" type="string">left</property>
          <property name="textpaddingbottom" type="double">0.0</property>
          <property name="textpaddingleft" type="double">0.0</property>
          <property name="textpaddingright" type="double">0.0</property>
          <property name="textpaddingtop" type="double">0.0</property>
          <property name="textscalex" type="double">1.0</property>
          <property name="textsize" type="double">50.0</property>
          <property name="textskewx" type="double">0.0</property>
          <property name="textstyle" type="string">normal</property>
          <property name="typeface" type="string">sansserif</property>
          <property name="underline" type="boolean">false</property>
          <property name="verticaltextalign" type="string">top</property>
          <property name="visible" type="boolean">true</property>
          <property name="width" type="double">150.0</property>
          <property name="x" type="double">142.5</property>
          <property name="y" type="double">-18.0</property>
        </properties>
      </element>
    </elements>
  </widget>
</data>