<?xml version='1.0' encoding='UTF-8' standalone='yes' ?>
<data version="1.37.0">
  <trigger type="notification_status_bar_displayed">
    <useDefaultName>true</useDefaultName>
    <name>Notification on Statusbar Displayed: com.lalamove.global.driver.sea</name>
    <enabled>false</enabled>
    <packageNameFilter>com.lalamove.global.driver.sea</packageNameFilter>
    <textMatchField>TEXT</textMatchField>
    <textMatchType>CONTAINS_TEXT</textMatchType>
    <textFilter></textFilter>
    <ignoreRegular>false</ignoreRegular>
    <ignoreOngoing>false</ignoreOngoing>
  </trigger>
  <action type="clear_automagic_log">
    <useDefaultName>false</useDefaultName>
    <name>Clear PHANToM Log</name>
  </action>
  <action type="download_url">
    <useDefaultName>true</useDefaultName>
    <name>Download URL: https://github.com/Phantomguy7845/Magic.xml.zip/raw/main/girlmoaning_47e091405338241.mp3 to /storage/emulated/0/Download</name>
    <url>https://github.com/Phantomguy7845/Magic.xml.zip/raw/main/girlmoaning_47e091405338241.mp3</url>
    <directory>/storage/emulated/0/Download</directory>
    <showProgress>true</showProgress>
  </action>
  <action type="execute_flows">
    <useDefaultName>true</useDefaultName>
    <name>Execute Flows: Start lalamove</name>
    <includeFlowNamePatternList>Start lalamove</includeFlowNamePatternList>
    <excludeFlowNamePatternList></excludeFlowNamePatternList>
    <skipDisabledFlowsWithoutError>false</skipDisabledFlowsWithoutError>
    <waitForFlowsToFinish>false</waitForFlowsToFinish>
    <returnLocalVariablesToCallingFlow>false</returnLocalVariablesToCallingFlow>
  </action>
  <action type="launch_app">
    <useDefaultName>true</useDefaultName>
    <name>Launch App: com.lalamove.global.driver.sea/com.deliverysdk.driver.splash.MainActivity</name>
    <packageName>com.lalamove.global.driver.sea</packageName>
    <className>com.deliverysdk.driver.splash.MainActivity</className>
  </action>
  <action type="set_audio_stream_volume">
    <useDefaultName>true</useDefaultName>
    <name>Set Audio Stream Volume: Notification to level 7</name>
    <audioStreamType>NOTIFICATION</audioStreamType>
    <audioStreamChangeType>ADJUST_SET_ABSOLUTE</audioStreamChangeType>
    <volumeIndex>7</volumeIndex>
    <playSound>false</playSound>
    <showUI>false</showUI>
  </action>
  <action type="set_flow_state">
    <useDefaultName>true</useDefaultName>
    <name>Set Flow State: Enable Start lalamove</name>
    <enable>true</enable>
    <includeFlowNamePatternList>Start lalamove</includeFlowNamePatternList>
    <excludeFlowNamePatternList></excludeFlowNamePatternList>
  </action>
  <action type="show_home_screen">
    <useDefaultName>true</useDefaultName>
    <name>Show Home Screen</name>
    <pageEnabled>false</pageEnabled>
    <page>1</page>
  </action>
  <action type="sleep">
    <useDefaultName>true</useDefaultName>
    <name>Sleep: 200ms (keep device awake)</name>
    <duration>200ms</duration>
    <keepDeviceAwake>true</keepDeviceAwake>
    <allowWakeupFromDeviceIdle>false</allowWakeupFromDeviceIdle>
  </action>
  <action type="sound">
    <useDefaultName>true</useDefaultName>
    <name>Sound: /storage/emulated/0/Download/girlmoaning_47e091405338241.mp3 as Notification</name>
    <soundSourceType>FILE</soundSourceType>
    <alarmName>Silent</alarmName>
    <path>/storage/emulated/0/Download/girlmoaning_47e091405338241.mp3</path>
    <audioStreamType>NOTIFICATION</audioStreamType>
    <startPosition></startPosition>
    <showStopSoundNotification>false</showStopSoundNotification>
    <waitForSoundToFinish>true</waitForSoundToFinish>
    <requestAudioFocus>false</requestAudioFocus>
    <audioFocusType>TRANSIENT</audioFocusType>
  </action>
  <action type="stop_action_sound">
    <useDefaultName>true</useDefaultName>
    <name>Stop Action Sound</name>
  </action>
  <flow type="flow">
    <name>notification Start</name>
    <group>Lalamobe Popup</group>
    <enabled>false</enabled>
    <executionPolicy>PARALLEL</executionPolicy>
    <triggercontainer id="t1" x="70.0" y="-192.5">
      <trigger>Notification on Statusbar Displayed: com.lalamove.global.driver.sea</trigger>
    </triggercontainer>
    <actioncontainer id="t2" x="70.0" y="-87.5">Set Flow State: Enable Start lalamove</actioncontainer>
    <actioncontainer id="t3" x="210.0" y="-192.5">Execute Flows: Start lalamove</actioncontainer>
    <actioncontainer id="t4" x="35.0" y="262.5">Sound: /storage/emulated/0/Download/girlmoaning_47e091405338241.mp3 as Notification</actioncontainer>
    <actioncontainer id="t5" x="210.0" y="227.5">Download URL: https://github.com/Phantomguy7845/Magic.xml.zip/raw/main/girlmoaning_47e091405338241.mp3 to /storage/emulated/0/Download</actioncontainer>
    <actioncontainer id="t6" x="0.0" y="87.5">Set Audio Stream Volume: Notification to level 7</actioncontainer>
    <connection from="t1" to="t2" type="NORMAL" sourcePosition="SOUTH" targetPosition="NORTH" />
    <connection from="t1" to="t3" type="NORMAL" sourcePosition="EAST" targetPosition="WEST" />
    <connection from="t4" to="t5" type="EXCEPTION" sourcePosition="EAST" targetPosition="WEST" />
    <connection from="t5" to="t4" type="NORMAL" sourcePosition="WEST" targetPosition="EAST" />
    <connection from="t6" to="t4" type="NORMAL" sourcePosition="SOUTH" targetPosition="NORTH" />
  </flow>
  <flow type="flow">
    <name>Start lalamove</name>
    <group>Lalamobe Popup</group>
    <enabled>true</enabled>
    <executionPolicy>PARALLEL</executionPolicy>
    <triggercontainer id="t1" x="840.0" y="227.5" />
    <actioncontainer id="t2" x="560.0" y="1032.5">Clear PHANToM Log</actioncontainer>
    <actioncontainer id="t3" x="840.0" y="927.5">Sleep: 200ms (keep device awake)</actioncontainer>
    <actioncontainer id="t4" x="700.0" y="927.5">Sleep: 200ms (keep device awake)</actioncontainer>
    <actioncontainer id="t5" x="700.0" y="612.5">Sleep: 200ms (keep device awake)</actioncontainer>
    <actioncontainer id="t6" x="560.0" y="927.5">Sleep: 200ms (keep device awake)</actioncontainer>
    <actioncontainer id="t7" x="560.0" y="822.5">Sleep: 200ms (keep device awake)</actioncontainer>
    <actioncontainer id="t8" x="560.0" y="717.5">Sleep: 200ms (keep device awake)</actioncontainer>
    <actioncontainer id="t9" x="560.0" y="612.5">Sleep: 200ms (keep device awake)</actioncontainer>
    <actioncontainer id="t10" x="420.0" y="822.5">Sleep: 200ms (keep device awake)</actioncontainer>
    <actioncontainer id="t11" x="420.0" y="717.5">Sleep: 200ms (keep device awake)</actioncontainer>
    <actioncontainer id="t12" x="420.0" y="612.5">Sleep: 200ms (keep device awake)</actioncontainer>
    <actioncontainer id="t13" x="700.0" y="822.5">Sleep: 200ms (keep device awake)</actioncontainer>
    <actioncontainer id="t14" x="700.0" y="717.5">Sleep: 200ms (keep device awake)</actioncontainer>
    <actioncontainer id="t15" x="840.0" y="612.5">Show Home Screen</actioncontainer>
    <actioncontainer id="t16" x="840.0" y="717.5">Sleep: 200ms (keep device awake)</actioncontainer>
    <actioncontainer id="t17" x="840.0" y="822.5">Launch App: com.lalamove.global.driver.sea/com.deliverysdk.driver.splash.MainActivity</actioncontainer>
    <actioncontainer id="t18" x="385.0" y="1172.5">Stop Action Sound</actioncontainer>
    <actioncontainer id="t19" x="420.0" y="927.5">Sleep: 200ms (keep device awake)</actioncontainer>
    <connection from="t1" to="t15" type="NORMAL" sourcePosition="SOUTH" targetPosition="NORTH" />
    <connection from="t3" to="t5" type="NORMAL" sourcePosition="SOUTH" targetPosition="NORTH" />
    <connection from="t4" to="t9" type="NORMAL" sourcePosition="SOUTH" targetPosition="NORTH" />
    <connection from="t5" to="t14" type="NORMAL" sourcePosition="SOUTH" targetPosition="NORTH" />
    <connection from="t6" to="t12" type="NORMAL" sourcePosition="SOUTH" targetPosition="NORTH" />
    <connection from="t7" to="t6" type="NORMAL" sourcePosition="SOUTH" targetPosition="NORTH" />
    <connection from="t8" to="t7" type="NORMAL" sourcePosition="SOUTH" targetPosition="NORTH" />
    <connection from="t9" to="t8" type="NORMAL" sourcePosition="SOUTH" targetPosition="NORTH" />
    <connection from="t10" to="t19" type="NORMAL" sourcePosition="SOUTH" targetPosition="NORTH" />
    <connection from="t11" to="t10" type="NORMAL" sourcePosition="SOUTH" targetPosition="NORTH" />
    <connection from="t12" to="t11" type="NORMAL" sourcePosition="SOUTH" targetPosition="NORTH" />
    <connection from="t13" to="t4" type="NORMAL" sourcePosition="SOUTH" targetPosition="NORTH" />
    <connection from="t14" to="t13" type="NORMAL" sourcePosition="SOUTH" targetPosition="NORTH" />
    <connection from="t15" to="t16" type="NORMAL" sourcePosition="SOUTH" targetPosition="NORTH" />
    <connection from="t16" to="t17" type="NORMAL" sourcePosition="SOUTH" targetPosition="NORTH" />
    <connection from="t17" to="t3" type="NORMAL" sourcePosition="SOUTH" targetPosition="NORTH" />
    <connection from="t18" to="t2" type="NORMAL" sourcePosition="EAST" targetPosition="SOUTH" />
    <connection from="t19" to="t2" type="NORMAL" sourcePosition="SOUTH" targetPosition="NORTH" />
  </flow>
</data>